year,state_alpha,county_name,county_code,commodity_desc,statisticcat_desc,Value,unit_desc,state_fips_str,county_fips_str,full_fips_code,latitude,longitude
2023,IA,BUENA VISTA,21,CORN,YIELD,212.0,BU / ACRE,19,021,19021,42.741522,-95.141432
2022,IA,BUENA VISTA,21,CORN,YIELD,196.9,BU / ACRE,19,021,19021,42.741522,-95.141432
2021,IA,BUENA VISTA,21,CORN,YIELD,203.9,BU / ACRE,19,021,19021,42.741522,-95.141432
2020,IA,BUENA VISTA,21,CORN,YIELD,183.9,BU / ACRE,19,021,19021,42.741522,-95.141432
2019,IA,BUENA VISTA,21,CORN,YIELD,190.8,BU / ACRE,19,021,19021,42.741522,-95.141432
2018,IA,BUENA VISTA,21,CORN,YIELD,193.1,BU / ACRE,19,021,19021,42.741522,-95.141432
2017,IA,BUENA VISTA,21,CORN,YIELD,187.9,BU / ACRE,19,021,19021,42.741522,-95.141432
2016,IA,BUENA VISTA,21,CORN,YIELD,201.1,BU / ACRE,19,021,19021,42.741522,-95.141432
2024,IA,CHEROKEE,35,CORN,YIELD,207.1,BU / ACRE,19,035,19035,42.742737,-95.633262
2023,IA,CHEROKEE,35,CORN,YIELD,211.7,BU / ACRE,19,035,19035,42.742737,-95.633262
2022,IA,CHEROKEE,35,CORN,YIELD,198.7,BU / ACRE,19,035,19035,42.742737,-95.633262
2020,IA,CHEROKEE,35,CORN,YIELD,185.7,BU / ACRE,19,035,19035,42.742737,-95.633262
2019,IA,CHEROKEE,35,CORN,YIELD,208.9,BU / ACRE,19,035,19035,42.742737,-95.633262
2018,IA,CHEROKEE,35,CORN,YIELD,213.3,BU / ACRE,19,035,19035,42.742737,-95.633262
2017,IA,CHEROKEE,35,CORN,YIELD,203.7,BU / ACRE,19,035,19035,42.742737,-95.633262
2016,IA,CHEROKEE,35,CORN,YIELD,219.7,BU / ACRE,19,035,19035,42.742737,-95.633262
2024,IA,CLAY,41,CORN,YIELD,176.1,BU / ACRE,19,041,19041,43.081224,-95.149875
2023,IA,CLAY,41,CORN,YIELD,203.9,BU / ACRE,19,041,19041,43.081224,-95.149875
2022,IA,CLAY,41,CORN,YIELD,191.4,BU / ACRE,19,041,19041,43.081224,-95.149875
2021,IA,CLAY,41,CORN,YIELD,203.3,BU / ACRE,19,041,19041,43.081224,-95.149875
2020,IA,CLAY,41,CORN,YIELD,168.1,BU / ACRE,19,041,19041,43.081224,-95.149875
2019,IA,CLAY,41,CORN,YIELD,185.5,BU / ACRE,19,041,19041,43.081224,-95.149875
2018,IA,CLAY,41,CORN,YIELD,158.5,BU / ACRE,19,041,19041,43.081224,-95.149875
2017,IA,CLAY,41,CORN,YIELD,197.3,BU / ACRE,19,041,19041,43.081224,-95.149875
2016,IA,CLAY,41,CORN,YIELD,202.0,BU / ACRE,19,041,19041,43.081224,-95.149875
2024,IA,DICKINSON,59,CORN,YIELD,160.8,BU / ACRE,19,059,19059,43.389611,-95.196057
2023,IA,DICKINSON,59,CORN,YIELD,201.3,BU / ACRE,19,059,19059,43.389611,-95.196057
2022,IA,DICKINSON,59,CORN,YIELD,203.4,BU / ACRE,19,059,19059,43.389611,-95.196057
2021,IA,DICKINSON,59,CORN,YIELD,177.7,BU / ACRE,19,059,19059,43.389611,-95.196057
2020,IA,DICKINSON,59,CORN,YIELD,182.2,BU / ACRE,19,059,19059,43.389611,-95.196057
2019,IA,DICKINSON,59,CORN,YIELD,170.0,BU / ACRE,19,059,19059,43.389611,-95.196057
2018,IA,DICKINSON,59,CORN,YIELD,160.4,BU / ACRE,19,059,19059,43.389611,-95.196057
2017,IA,DICKINSON,59,CORN,YIELD,196.2,BU / ACRE,19,059,19059,43.389611,-95.196057
2016,IA,DICKINSON,59,CORN,YIELD,188.0,BU / ACRE,19,059,19059,43.389611,-95.196057
2022,IA,EMMET,63,CORN,YIELD,213.6,BU / ACRE,19,063,19063,43.377984,-94.66937
2021,IA,EMMET,63,CORN,YIELD,182.5,BU / ACRE,19,063,19063,43.377984,-94.66937
2020,IA,EMMET,63,CORN,YIELD,186.1,BU / ACRE,19,063,19063,43.377984,-94.66937
2018,IA,EMMET,63,CORN,YIELD,155.8,BU / ACRE,19,063,19063,43.377984,-94.66937
2017,IA,EMMET,63,CORN,YIELD,210.1,BU / ACRE,19,063,19063,43.377984,-94.66937
2016,IA,EMMET,63,CORN,YIELD,198.5,BU / ACRE,19,063,19063,43.377984,-94.66937
2024,IA,LYON,119,CORN,YIELD,198.8,BU / ACRE,19,119,19119,43.38358,-96.207201
2023,IA,LYON,119,CORN,YIELD,200.2,BU / ACRE,19,119,19119,43.38358,-96.207201
2022,IA,LYON,119,CORN,YIELD,190.8,BU / ACRE,19,119,19119,43.38358,-96.207201
2021,IA,LYON,119,CORN,YIELD,216.7,BU / ACRE,19,119,19119,43.38358,-96.207201
2020,IA,LYON,119,CORN,YIELD,197.0,BU / ACRE,19,119,19119,43.38358,-96.207201
2019,IA,LYON,119,CORN,YIELD,186.5,BU / ACRE,19,119,19119,43.38358,-96.207201
2018,IA,LYON,119,CORN,YIELD,193.0,BU / ACRE,19,119,19119,43.38358,-96.207201
2017,IA,LYON,119,CORN,YIELD,218.9,BU / ACRE,19,119,19119,43.38358,-96.207201
2016,IA,LYON,119,CORN,YIELD,206.9,BU / ACRE,19,119,19119,43.38358,-96.207201
2024,IA,O BRIEN,141,CORN,YIELD,199.0,BU / ACRE,19,141,19141,43.083746,-95.625624
2023,IA,O BRIEN,141,CORN,YIELD,212.7,BU / ACRE,19,141,19141,43.083746,-95.625624
2022,IA,O BRIEN,141,CORN,YIELD,201.1,BU / ACRE,19,141,19141,43.083746,-95.625624
2021,IA,O BRIEN,141,CORN,YIELD,213.5,BU / ACRE,19,141,19141,43.083746,-95.625624
2020,IA,O BRIEN,141,CORN,YIELD,199.5,BU / ACRE,19,141,19141,43.083746,-95.625624
2019,IA,O BRIEN,141,CORN,YIELD,204.9,BU / ACRE,19,141,19141,43.083746,-95.625624
2018,IA,O BRIEN,141,CORN,YIELD,201.6,BU / ACRE,19,141,19141,43.083746,-95.625624
2017,IA,O BRIEN,141,CORN,YIELD,213.8,BU / ACRE,19,141,19141,43.083746,-95.625624
2016,IA,O BRIEN,141,CORN,YIELD,210.7,BU / ACRE,19,141,19141,43.083746,-95.625624
2023,IA,OSCEOLA,143,CORN,YIELD,203.7,BU / ACRE,19,143,19143,43.378542,-95.633788
2022,IA,OSCEOLA,143,CORN,YIELD,197.5,BU / ACRE,19,143,19143,43.378542,-95.633788
2021,IA,OSCEOLA,143,CORN,YIELD,208.0,BU / ACRE,19,143,19143,43.378542,-95.633788
2020,IA,OSCEOLA,143,CORN,YIELD,185.3,BU / ACRE,19,143,19143,43.378542,-95.633788
2019,IA,OSCEOLA,143,CORN,YIELD,182.5,BU / ACRE,19,143,19143,43.378542,-95.633788
2018,IA,OSCEOLA,143,CORN,YIELD,180.2,BU / ACRE,19,143,19143,43.378542,-95.633788
2017,IA,OSCEOLA,143,CORN,YIELD,211.6,BU / ACRE,19,143,19143,43.378542,-95.633788
2016,IA,OSCEOLA,143,CORN,YIELD,203.7,BU / ACRE,19,143,19143,43.378542,-95.633788
2024,IA,PALO ALTO,147,CORN,YIELD,182.3,BU / ACRE,19,147,19147,43.075337,-94.669055
2023,IA,PALO ALTO,147,CORN,YIELD,211.7,BU / ACRE,19,147,19147,43.075337,-94.669055
2022,IA,PALO ALTO,147,CORN,YIELD,195.8,BU / ACRE,19,147,19147,43.075337,-94.669055
2021,IA,PALO ALTO,147,CORN,YIELD,190.1,BU / ACRE,19,147,19147,43.075337,-94.669055
2020,IA,PALO ALTO,147,CORN,YIELD,181.1,BU / ACRE,19,147,19147,43.075337,-94.669055
2019,IA,PALO ALTO,147,CORN,YIELD,198.3,BU / ACRE,19,147,19147,43.075337,-94.669055
2018,IA,PALO ALTO,147,CORN,YIELD,157.9,BU / ACRE,19,147,19147,43.075337,-94.669055
2017,IA,PALO ALTO,147,CORN,YIELD,195.4,BU / ACRE,19,147,19147,43.075337,-94.669055
2016,IA,PALO ALTO,147,CORN,YIELD,196.0,BU / ACRE,19,147,19147,43.075337,-94.669055
2024,IA,PLYMOUTH,149,CORN,YIELD,195.6,BU / ACRE,19,149,19149,42.737585,-96.215864
2023,IA,PLYMOUTH,149,CORN,YIELD,205.7,BU / ACRE,19,149,19149,42.737585,-96.215864
2022,IA,PLYMOUTH,149,CORN,YIELD,171.8,BU / ACRE,19,149,19149,42.737585,-96.215864
2021,IA,PLYMOUTH,149,CORN,YIELD,190.9,BU / ACRE,19,149,19149,42.737585,-96.215864
2019,IA,PLYMOUTH,149,CORN,YIELD,217.8,BU / ACRE,19,149,19149,42.737585,-96.215864
2018,IA,PLYMOUTH,149,CORN,YIELD,213.8,BU / ACRE,19,149,19149,42.737585,-96.215864
2017,IA,PLYMOUTH,149,CORN,YIELD,193.0,BU / ACRE,19,149,19149,42.737585,-96.215864
2016,IA,PLYMOUTH,149,CORN,YIELD,209.2,BU / ACRE,19,149,19149,42.737585,-96.215864
2024,IA,POCAHONTAS,151,CORN,YIELD,203.0,BU / ACRE,19,151,19151,42.734033,-94.678279
2023,IA,POCAHONTAS,151,CORN,YIELD,218.1,BU / ACRE,19,151,19151,42.734033,-94.678279
2022,IA,POCAHONTAS,151,CORN,YIELD,198.2,BU / ACRE,19,151,19151,42.734033,-94.678279
2021,IA,POCAHONTAS,151,CORN,YIELD,213.9,BU / ACRE,19,151,19151,42.734033,-94.678279
2020,IA,POCAHONTAS,151,CORN,YIELD,186.2,BU / ACRE,19,151,19151,42.734033,-94.678279
2018,IA,POCAHONTAS,151,CORN,YIELD,179.2,BU / ACRE,19,151,19151,42.734033,-94.678279
2017,IA,POCAHONTAS,151,CORN,YIELD,190.9,BU / ACRE,19,151,19151,42.734033,-94.678279
2016,IA,POCAHONTAS,151,CORN,YIELD,206.8,BU / ACRE,19,151,19151,42.734033,-94.678279
2023,IA,SIOUX,167,CORN,YIELD,211.4,BU / ACRE,19,167,19167,43.082646,-96.17801
2022,IA,SIOUX,167,CORN,YIELD,196.6,BU / ACRE,19,167,19167,43.082646,-96.17801
2021,IA,SIOUX,167,CORN,YIELD,220.6,BU / ACRE,19,167,19167,43.082646,-96.17801
2020,IA,SIOUX,167,CORN,YIELD,201.8,BU / ACRE,19,167,19167,43.082646,-96.17801
2019,IA,SIOUX,167,CORN,YIELD,192.1,BU / ACRE,19,167,19167,43.082646,-96.17801
2018,IA,SIOUX,167,CORN,YIELD,211.9,BU / ACRE,19,167,19167,43.082646,-96.17801
2017,IA,SIOUX,167,CORN,YIELD,220.7,BU / ACRE,19,167,19167,43.082646,-96.17801
2016,IA,SIOUX,167,CORN,YIELD,212.2,BU / ACRE,19,167,19167,43.082646,-96.17801
2024,IA,BUTLER,23,CORN,YIELD,209.8,BU / ACRE,19,023,19023,42.734757,-92.780153
2023,IA,BUTLER,23,CORN,YIELD,183.1,BU / ACRE,19,023,19023,42.734757,-92.780153
2022,IA,BUTLER,23,CORN,YIELD,212.4,BU / ACRE,19,023,19023,42.734757,-92.780153
2021,IA,BUTLER,23,CORN,YIELD,204.5,BU / ACRE,19,023,19023,42.734757,-92.780153
2020,IA,BUTLER,23,CORN,YIELD,192.8,BU / ACRE,19,023,19023,42.734757,-92.780153
2019,IA,BUTLER,23,CORN,YIELD,209.5,BU / ACRE,19,023,19023,42.734757,-92.780153
2018,IA,BUTLER,23,CORN,YIELD,211.3,BU / ACRE,19,023,19023,42.734757,-92.780153
2017,IA,BUTLER,23,CORN,YIELD,211.4,BU / ACRE,19,023,19023,42.734757,-92.780153
2016,IA,BUTLER,23,CORN,YIELD,207.3,BU / ACRE,19,023,19023,42.734757,-92.780153
2024,IA,CERRO GORDO,33,CORN,YIELD,199.7,BU / ACRE,19,033,19033,43.074975,-93.250965
2022,IA,CERRO GORDO,33,CORN,YIELD,216.9,BU / ACRE,19,033,19033,43.074975,-93.250965
2021,IA,CERRO GORDO,33,CORN,YIELD,200.0,BU / ACRE,19,033,19033,43.074975,-93.250965
2020,IA,CERRO GORDO,33,CORN,YIELD,182.5,BU / ACRE,19,033,19033,43.074975,-93.250965
2019,IA,CERRO GORDO,33,CORN,YIELD,191.8,BU / ACRE,19,033,19033,43.074975,-93.250965
2018,IA,CERRO GORDO,33,CORN,YIELD,184.4,BU / ACRE,19,033,19033,43.074975,-93.250965
2017,IA,CERRO GORDO,33,CORN,YIELD,208.9,BU / ACRE,19,033,19033,43.074975,-93.250965
2016,IA,CERRO GORDO,33,CORN,YIELD,193.6,BU / ACRE,19,033,19033,43.074975,-93.250965
2024,IA,FLOYD,67,CORN,YIELD,210.1,BU / ACRE,19,067,19067,43.052741,-92.787367
2023,IA,FLOYD,67,CORN,YIELD,191.8,BU / ACRE,19,067,19067,43.052741,-92.787367
2022,IA,FLOYD,67,CORN,YIELD,204.6,BU / ACRE,19,067,19067,43.052741,-92.787367
2021,IA,FLOYD,67,CORN,YIELD,204.4,BU / ACRE,19,067,19067,43.052741,-92.787367
2020,IA,FLOYD,67,CORN,YIELD,187.4,BU / ACRE,19,067,19067,43.052741,-92.787367
2019,IA,FLOYD,67,CORN,YIELD,202.9,BU / ACRE,19,067,19067,43.052741,-92.787367
2018,IA,FLOYD,67,CORN,YIELD,184.4,BU / ACRE,19,067,19067,43.052741,-92.787367
2017,IA,FLOYD,67,CORN,YIELD,203.4,BU / ACRE,19,067,19067,43.052741,-92.787367
2016,IA,FLOYD,67,CORN,YIELD,196.3,BU / ACRE,19,067,19067,43.052741,-92.787367
2024,IA,FRANKLIN,69,CORN,YIELD,204.9,BU / ACRE,19,069,19069,42.736545,-93.271415
2023,IA,FRANKLIN,69,CORN,YIELD,210.5,BU / ACRE,19,069,19069,42.736545,-93.271415
2022,IA,FRANKLIN,69,CORN,YIELD,220.1,BU / ACRE,19,069,19069,42.736545,-93.271415
2021,IA,FRANKLIN,69,CORN,YIELD,198.9,BU / ACRE,19,069,19069,42.736545,-93.271415
2020,IA,FRANKLIN,69,CORN,YIELD,180.1,BU / ACRE,19,069,19069,42.736545,-93.271415
2019,IA,FRANKLIN,69,CORN,YIELD,202.7,BU / ACRE,19,069,19069,42.736545,-93.271415
2018,IA,FRANKLIN,69,CORN,YIELD,204.3,BU / ACRE,19,069,19069,42.736545,-93.271415
2017,IA,FRANKLIN,69,CORN,YIELD,206.1,BU / ACRE,19,069,19069,42.736545,-93.271415
2016,IA,FRANKLIN,69,CORN,YIELD,204.8,BU / ACRE,19,069,19069,42.736545,-93.271415
2024,IA,HANCOCK,81,CORN,YIELD,203.1,BU / ACRE,19,081,19081,43.075411,-93.743697
2023,IA,HANCOCK,81,CORN,YIELD,204.9,BU / ACRE,19,081,19081,43.075411,-93.743697
2022,IA,HANCOCK,81,CORN,YIELD,211.5,BU / ACRE,19,081,19081,43.075411,-93.743697
2021,IA,HANCOCK,81,CORN,YIELD,209.8,BU / ACRE,19,081,19081,43.075411,-93.743697
2020,IA,HANCOCK,81,CORN,YIELD,200.0,BU / ACRE,19,081,19081,43.075411,-93.743697
2019,IA,HANCOCK,81,CORN,YIELD,193.3,BU / ACRE,19,081,19081,43.075411,-93.743697
2018,IA,HANCOCK,81,CORN,YIELD,176.7,BU / ACRE,19,081,19081,43.075411,-93.743697
2017,IA,HANCOCK,81,CORN,YIELD,200.2,BU / ACRE,19,081,19081,43.075411,-93.743697
2016,IA,HANCOCK,81,CORN,YIELD,200.3,BU / ACRE,19,081,19081,43.075411,-93.743697
2024,IA,HUMBOLDT,91,CORN,YIELD,205.7,BU / ACRE,19,091,19091,42.782221,-94.202775
2023,IA,HUMBOLDT,91,CORN,YIELD,205.8,BU / ACRE,19,091,19091,42.782221,-94.202775
2022,IA,HUMBOLDT,91,CORN,YIELD,195.5,BU / ACRE,19,091,19091,42.782221,-94.202775
2021,IA,HUMBOLDT,91,CORN,YIELD,205.4,BU / ACRE,19,091,19091,42.782221,-94.202775
2020,IA,HUMBOLDT,91,CORN,YIELD,188.4,BU / ACRE,19,091,19091,42.782221,-94.202775
2019,IA,HUMBOLDT,91,CORN,YIELD,198.7,BU / ACRE,19,091,19091,42.782221,-94.202775
2018,IA,HUMBOLDT,91,CORN,YIELD,162.3,BU / ACRE,19,091,19091,42.782221,-94.202775
2017,IA,HUMBOLDT,91,CORN,YIELD,200.9,BU / ACRE,19,091,19091,42.782221,-94.202775
2016,IA,HUMBOLDT,91,CORN,YIELD,206.1,BU / ACRE,19,091,19091,42.782221,-94.202775
2022,IA,KOSSUTH,109,CORN,YIELD,196.8,BU / ACRE,19,109,19109,43.212478,-94.213983
2021,IA,KOSSUTH,109,CORN,YIELD,190.7,BU / ACRE,19,109,19109,43.212478,-94.213983
2020,IA,KOSSUTH,109,CORN,YIELD,190.7,BU / ACRE,19,109,19109,43.212478,-94.213983
2019,IA,KOSSUTH,109,CORN,YIELD,198.7,BU / ACRE,19,109,19109,43.212478,-94.213983
2018,IA,KOSSUTH,109,CORN,YIELD,180.2,BU / ACRE,19,109,19109,43.212478,-94.213983
2017,IA,KOSSUTH,109,CORN,YIELD,205.6,BU / ACRE,19,109,19109,43.212478,-94.213983
2016,IA,KOSSUTH,109,CORN,YIELD,204.7,BU / ACRE,19,109,19109,43.212478,-94.213983
2024,IA,MITCHELL,131,CORN,YIELD,212.8,BU / ACRE,19,131,19131,43.348564,-92.784466
2023,IA,MITCHELL,131,CORN,YIELD,171.8,BU / ACRE,19,131,19131,43.348564,-92.784466
2022,IA,MITCHELL,131,CORN,YIELD,217.9,BU / ACRE,19,131,19131,43.348564,-92.784466
2021,IA,MITCHELL,131,CORN,YIELD,203.3,BU / ACRE,19,131,19131,43.348564,-92.784466
2020,IA,MITCHELL,131,CORN,YIELD,203.3,BU / ACRE,19,131,19131,43.348564,-92.784466
2019,IA,MITCHELL,131,CORN,YIELD,194.5,BU / ACRE,19,131,19131,43.348564,-92.784466
2018,IA,MITCHELL,131,CORN,YIELD,193.3,BU / ACRE,19,131,19131,43.348564,-92.784466
2017,IA,MITCHELL,131,CORN,YIELD,213.4,BU / ACRE,19,131,19131,43.348564,-92.784466
2016,IA,MITCHELL,131,CORN,YIELD,199.1,BU / ACRE,19,131,19131,43.348564,-92.784466
2024,IA,WINNEBAGO,189,CORN,YIELD,182.6,BU / ACRE,19,189,19189,43.378124,-93.743488
2023,IA,WINNEBAGO,189,CORN,YIELD,211.3,BU / ACRE,19,189,19189,43.378124,-93.743488
2022,IA,WINNEBAGO,189,CORN,YIELD,217.5,BU / ACRE,19,189,19189,43.378124,-93.743488
2021,IA,WINNEBAGO,189,CORN,YIELD,197.6,BU / ACRE,19,189,19189,43.378124,-93.743488
2020,IA,WINNEBAGO,189,CORN,YIELD,207.1,BU / ACRE,19,189,19189,43.378124,-93.743488
2019,IA,WINNEBAGO,189,CORN,YIELD,198.8,BU / ACRE,19,189,19189,43.378124,-93.743488
2018,IA,WINNEBAGO,189,CORN,YIELD,180.8,BU / ACRE,19,189,19189,43.378124,-93.743488
2017,IA,WINNEBAGO,189,CORN,YIELD,210.7,BU / ACRE,19,189,19189,43.378124,-93.743488
2016,IA,WINNEBAGO,189,CORN,YIELD,197.9,BU / ACRE,19,189,19189,43.378124,-93.743488
2024,IA,WORTH,195,CORN,YIELD,198.6,BU / ACRE,19,195,19195,43.373491,-93.248533
2023,IA,WORTH,195,CORN,YIELD,187.6,BU / ACRE,19,195,19195,43.373491,-93.248533
2022,IA,WORTH,195,CORN,YIELD,219.4,BU / ACRE,19,195,19195,43.373491,-93.248533
2021,IA,WORTH,195,CORN,YIELD,207.4,BU / ACRE,19,195,19195,43.373491,-93.248533
2020,IA,WORTH,195,CORN,YIELD,205.7,BU / ACRE,19,195,19195,43.373491,-93.248533
2019,IA,WORTH,195,CORN,YIELD,196.5,BU / ACRE,19,195,19195,43.373491,-93.248533
2018,IA,WORTH,195,CORN,YIELD,180.0,BU / ACRE,19,195,19195,43.373491,-93.248533
2017,IA,WORTH,195,CORN,YIELD,198.5,BU / ACRE,19,195,19195,43.373491,-93.248533
2016,IA,WORTH,195,CORN,YIELD,191.5,BU / ACRE,19,195,19195,43.373491,-93.248533
2023,IA,WRIGHT,197,CORN,YIELD,202.5,BU / ACRE,19,197,19197,42.733007,-93.734735
2022,IA,WRIGHT,197,CORN,YIELD,209.7,BU / ACRE,19,197,19197,42.733007,-93.734735
2021,IA,WRIGHT,197,CORN,YIELD,192.2,BU / ACRE,19,197,19197,42.733007,-93.734735
2020,IA,WRIGHT,197,CORN,YIELD,186.0,BU / ACRE,19,197,19197,42.733007,-93.734735
2019,IA,WRIGHT,197,CORN,YIELD,197.0,BU / ACRE,19,197,19197,42.733007,-93.734735
2018,IA,WRIGHT,197,CORN,YIELD,180.5,BU / ACRE,19,197,19197,42.733007,-93.734735
2017,IA,WRIGHT,197,CORN,YIELD,206.9,BU / ACRE,19,197,19197,42.733007,-93.734735
2016,IA,WRIGHT,197,CORN,YIELD,200.2,BU / ACRE,19,197,19197,42.733007,-93.734735
2024,IA,ALLAMAKEE,5,CORN,YIELD,216.3,BU / ACRE,19,005,19005,43.274964,-91.382751
2023,IA,ALLAMAKEE,5,CORN,YIELD,183.9,BU / ACRE,19,005,19005,43.274964,-91.382751
2022,IA,ALLAMAKEE,5,CORN,YIELD,215.9,BU / ACRE,19,005,19005,43.274964,-91.382751
2021,IA,ALLAMAKEE,5,CORN,YIELD,198.5,BU / ACRE,19,005,19005,43.274964,-91.382751
2020,IA,ALLAMAKEE,5,CORN,YIELD,196.3,BU / ACRE,19,005,19005,43.274964,-91.382751
2019,IA,ALLAMAKEE,5,CORN,YIELD,187.2,BU / ACRE,19,005,19005,43.274964,-91.382751
2018,IA,ALLAMAKEE,5,CORN,YIELD,198.4,BU / ACRE,19,005,19005,43.274964,-91.382751
2017,IA,ALLAMAKEE,5,CORN,YIELD,190.5,BU / ACRE,19,005,19005,43.274964,-91.382751
2016,IA,ALLAMAKEE,5,CORN,YIELD,205.1,BU / ACRE,19,005,19005,43.274964,-91.382751
2024,IA,BLACK HAWK,13,CORN,YIELD,205.9,BU / ACRE,19,013,19013,42.471132,-92.3076
2022,IA,BLACK HAWK,13,CORN,YIELD,202.4,BU / ACRE,19,013,19013,42.471132,-92.3076
2021,IA,BLACK HAWK,13,CORN,YIELD,193.6,BU / ACRE,19,013,19013,42.471132,-92.3076
2020,IA,BLACK HAWK,13,CORN,YIELD,169.8,BU / ACRE,19,013,19013,42.471132,-92.3076
2019,IA,BLACK HAWK,13,CORN,YIELD,205.1,BU / ACRE,19,013,19013,42.471132,-92.3076
2018,IA,BLACK HAWK,13,CORN,YIELD,206.2,BU / ACRE,19,013,19013,42.471132,-92.3076
2017,IA,BLACK HAWK,13,CORN,YIELD,209.2,BU / ACRE,19,013,19013,42.471132,-92.3076
2016,IA,BLACK HAWK,13,CORN,YIELD,206.4,BU / ACRE,19,013,19013,42.471132,-92.3076
2024,IA,BREMER,17,CORN,YIELD,205.9,BU / ACRE,19,017,19017,42.780895,-92.327356
2023,IA,BREMER,17,CORN,YIELD,199.9,BU / ACRE,19,017,19017,42.780895,-92.327356
2022,IA,BREMER,17,CORN,YIELD,210.8,BU / ACRE,19,017,19017,42.780895,-92.327356
2021,IA,BREMER,17,CORN,YIELD,200.1,BU / ACRE,19,017,19017,42.780895,-92.327356
2020,IA,BREMER,17,CORN,YIELD,187.6,BU / ACRE,19,017,19017,42.780895,-92.327356
2019,IA,BREMER,17,CORN,YIELD,212.5,BU / ACRE,19,017,19017,42.780895,-92.327356
2018,IA,BREMER,17,CORN,YIELD,212.4,BU / ACRE,19,017,19017,42.780895,-92.327356
2017,IA,BREMER,17,CORN,YIELD,212.7,BU / ACRE,19,017,19017,42.780895,-92.327356
2016,IA,BREMER,17,CORN,YIELD,210.6,BU / ACRE,19,017,19017,42.780895,-92.327356
2024,IA,BUCHANAN,19,CORN,YIELD,220.8,BU / ACRE,19,019,19019,42.470328,-91.838666
2023,IA,BUCHANAN,19,CORN,YIELD,190.7,BU / ACRE,19,019,19019,42.470328,-91.838666
2022,IA,BUCHANAN,19,CORN,YIELD,209.7,BU / ACRE,19,019,19019,42.470328,-91.838666
2021,IA,BUCHANAN,19,CORN,YIELD,209.0,BU / ACRE,19,019,19019,42.470328,-91.838666
2020,IA,BUCHANAN,19,CORN,YIELD,188.3,BU / ACRE,19,019,19019,42.470328,-91.838666
2019,IA,BUCHANAN,19,CORN,YIELD,218.9,BU / ACRE,19,019,19019,42.470328,-91.838666
2018,IA,BUCHANAN,19,CORN,YIELD,207.1,BU / ACRE,19,019,19019,42.470328,-91.838666
2017,IA,BUCHANAN,19,CORN,YIELD,221.3,BU / ACRE,19,019,19019,42.470328,-91.838666
2016,IA,BUCHANAN,19,CORN,YIELD,205.6,BU / ACRE,19,019,19019,42.470328,-91.838666
2024,IA,CHICKASAW,37,CORN,YIELD,206.5,BU / ACRE,19,037,19037,43.059741,-92.31721
2023,IA,CHICKASAW,37,CORN,YIELD,198.9,BU / ACRE,19,037,19037,43.059741,-92.31721
2022,IA,CHICKASAW,37,CORN,YIELD,214.6,BU / ACRE,19,037,19037,43.059741,-92.31721
2021,IA,CHICKASAW,37,CORN,YIELD,208.2,BU / ACRE,19,037,19037,43.059741,-92.31721
2020,IA,CHICKASAW,37,CORN,YIELD,185.7,BU / ACRE,19,037,19037,43.059741,-92.31721
2019,IA,CHICKASAW,37,CORN,YIELD,212.1,BU / ACRE,19,037,19037,43.059741,-92.31721
2018,IA,CHICKASAW,37,CORN,YIELD,192.9,BU / ACRE,19,037,19037,43.059741,-92.31721
2017,IA,CHICKASAW,37,CORN,YIELD,194.4,BU / ACRE,19,037,19037,43.059741,-92.31721
2016,IA,CHICKASAW,37,CORN,YIELD,206.6,BU / ACRE,19,037,19037,43.059741,-92.31721
2024,IA,CLAYTON,43,CORN,YIELD,220.2,BU / ACRE,19,043,19043,42.840985,-91.323576
2023,IA,CLAYTON,43,CORN,YIELD,201.1,BU / ACRE,19,043,19043,42.840985,-91.323576
2022,IA,CLAYTON,43,CORN,YIELD,215.4,BU / ACRE,19,043,19043,42.840985,-91.323576
2021,IA,CLAYTON,43,CORN,YIELD,195.3,BU / ACRE,19,043,19043,42.840985,-91.323576
2020,IA,CLAYTON,43,CORN,YIELD,191.1,BU / ACRE,19,043,19043,42.840985,-91.323576
2019,IA,CLAYTON,43,CORN,YIELD,197.5,BU / ACRE,19,043,19043,42.840985,-91.323576
2018,IA,CLAYTON,43,CORN,YIELD,201.5,BU / ACRE,19,043,19043,42.840985,-91.323576
2017,IA,CLAYTON,43,CORN,YIELD,213.6,BU / ACRE,19,043,19043,42.840985,-91.323576
2016,IA,CLAYTON,43,CORN,YIELD,210.3,BU / ACRE,19,043,19043,42.840985,-91.323576
2024,IA,DELAWARE,55,CORN,YIELD,219.5,BU / ACRE,19,055,19055,42.472937,-91.366767
2023,IA,DELAWARE,55,CORN,YIELD,198.9,BU / ACRE,19,055,19055,42.472937,-91.366767
2022,IA,DELAWARE,55,CORN,YIELD,230.8,BU / ACRE,19,055,19055,42.472937,-91.366767
2021,IA,DELAWARE,55,CORN,YIELD,218.0,BU / ACRE,19,055,19055,42.472937,-91.366767
2020,IA,DELAWARE,55,CORN,YIELD,190.4,BU / ACRE,19,055,19055,42.472937,-91.366767
2019,IA,DELAWARE,55,CORN,YIELD,204.5,BU / ACRE,19,055,19055,42.472937,-91.366767
2018,IA,DELAWARE,55,CORN,YIELD,224.8,BU / ACRE,19,055,19055,42.472937,-91.366767
2017,IA,DELAWARE,55,CORN,YIELD,218.0,BU / ACRE,19,055,19055,42.472937,-91.366767
2016,IA,DELAWARE,55,CORN,YIELD,202.3,BU / ACRE,19,055,19055,42.472937,-91.366767
2024,IA,DUBUQUE,61,CORN,YIELD,221.7,BU / ACRE,19,061,19061,42.463481,-90.878771
2023,IA,DUBUQUE,61,CORN,YIELD,199.5,BU / ACRE,19,061,19061,42.463481,-90.878771
2022,IA,DUBUQUE,61,CORN,YIELD,223.7,BU / ACRE,19,061,19061,42.463481,-90.878771
2021,IA,DUBUQUE,61,CORN,YIELD,217.2,BU / ACRE,19,061,19061,42.463481,-90.878771
2020,IA,DUBUQUE,61,CORN,YIELD,197.1,BU / ACRE,19,061,19061,42.463481,-90.878771
2019,IA,DUBUQUE,61,CORN,YIELD,216.4,BU / ACRE,19,061,19061,42.463481,-90.878771
2018,IA,DUBUQUE,61,CORN,YIELD,211.8,BU / ACRE,19,061,19061,42.463481,-90.878771
2017,IA,DUBUQUE,61,CORN,YIELD,215.1,BU / ACRE,19,061,19061,42.463481,-90.878771
2016,IA,DUBUQUE,61,CORN,YIELD,211.5,BU / ACRE,19,061,19061,42.463481,-90.878771
2024,IA,FAYETTE,65,CORN,YIELD,201.2,BU / ACRE,19,065,19065,42.864122,-91.840376
2023,IA,FAYETTE,65,CORN,YIELD,205.9,BU / ACRE,19,065,19065,42.864122,-91.840376
2022,IA,FAYETTE,65,CORN,YIELD,209.8,BU / ACRE,19,065,19065,42.864122,-91.840376
2021,IA,FAYETTE,65,CORN,YIELD,205.6,BU / ACRE,19,065,19065,42.864122,-91.840376
2020,IA,FAYETTE,65,CORN,YIELD,180.1,BU / ACRE,19,065,19065,42.864122,-91.840376
2019,IA,FAYETTE,65,CORN,YIELD,200.5,BU / ACRE,19,065,19065,42.864122,-91.840376
2018,IA,FAYETTE,65,CORN,YIELD,200.1,BU / ACRE,19,065,19065,42.864122,-91.840376
2017,IA,FAYETTE,65,CORN,YIELD,207.6,BU / ACRE,19,065,19065,42.864122,-91.840376
2016,IA,FAYETTE,65,CORN,YIELD,202.5,BU / ACRE,19,065,19065,42.864122,-91.840376
2024,IA,HOWARD,89,CORN,YIELD,212.5,BU / ACRE,19,089,19089,43.365312,-92.321908
2023,IA,HOWARD,89,CORN,YIELD,183.9,BU / ACRE,19,089,19089,43.365312,-92.321908
2022,IA,HOWARD,89,CORN,YIELD,217.2,BU / ACRE,19,089,19089,43.365312,-92.321908
2021,IA,HOWARD,89,CORN,YIELD,207.3,BU / ACRE,19,089,19089,43.365312,-92.321908
2020,IA,HOWARD,89,CORN,YIELD,188.6,BU / ACRE,19,089,19089,43.365312,-92.321908
2019,IA,HOWARD,89,CORN,YIELD,194.2,BU / ACRE,19,089,19089,43.365312,-92.321908
2018,IA,HOWARD,89,CORN,YIELD,185.5,BU / ACRE,19,089,19089,43.365312,-92.321908
2017,IA,HOWARD,89,CORN,YIELD,201.7,BU / ACRE,19,089,19089,43.365312,-92.321908
2016,IA,HOWARD,89,CORN,YIELD,202.2,BU / ACRE,19,089,19089,43.365312,-92.321908
2024,IA,WINNESHIEK,191,CORN,YIELD,212.1,BU / ACRE,19,191,19191,43.292989,-91.850788
2023,IA,WINNESHIEK,191,CORN,YIELD,195.3,BU / ACRE,19,191,19191,43.292989,-91.850788
2022,IA,WINNESHIEK,191,CORN,YIELD,212.4,BU / ACRE,19,191,19191,43.292989,-91.850788
2021,IA,WINNESHIEK,191,CORN,YIELD,199.3,BU / ACRE,19,191,19191,43.292989,-91.850788
2020,IA,WINNESHIEK,191,CORN,YIELD,178.2,BU / ACRE,19,191,19191,43.292989,-91.850788
2019,IA,WINNESHIEK,191,CORN,YIELD,200.4,BU / ACRE,19,191,19191,43.292989,-91.850788
2018,IA,WINNESHIEK,191,CORN,YIELD,198.1,BU / ACRE,19,191,19191,43.292989,-91.850788
2017,IA,WINNESHIEK,191,CORN,YIELD,199.7,BU / ACRE,19,191,19191,43.292989,-91.850788
2016,IA,WINNESHIEK,191,CORN,YIELD,210.7,BU / ACRE,19,191,19191,43.292989,-91.850788
2024,IA,AUDUBON,9,CORN,YIELD,224.2,BU / ACRE,19,009,19009,41.679178,-94.904312
2023,IA,AUDUBON,9,CORN,YIELD,197.6,BU / ACRE,19,009,19009,41.679178,-94.904312
2022,IA,AUDUBON,9,CORN,YIELD,197.9,BU / ACRE,19,009,19009,41.679178,-94.904312
2021,IA,AUDUBON,9,CORN,YIELD,216.0,BU / ACRE,19,009,19009,41.679178,-94.904312
2020,IA,AUDUBON,9,CORN,YIELD,170.8,BU / ACRE,19,009,19009,41.679178,-94.904312
2019,IA,AUDUBON,9,CORN,YIELD,216.0,BU / ACRE,19,009,19009,41.679178,-94.904312
2018,IA,AUDUBON,9,CORN,YIELD,180.0,BU / ACRE,19,009,19009,41.679178,-94.904312
2017,IA,AUDUBON,9,CORN,YIELD,211.2,BU / ACRE,19,009,19009,41.679178,-94.904312
2016,IA,AUDUBON,9,CORN,YIELD,206.1,BU / ACRE,19,009,19009,41.679178,-94.904312
2024,IA,CALHOUN,25,CORN,YIELD,228.8,BU / ACRE,19,025,19025,42.38617,-94.643683
2023,IA,CALHOUN,25,CORN,YIELD,201.6,BU / ACRE,19,025,19025,42.38617,-94.643683
2022,IA,CALHOUN,25,CORN,YIELD,202.3,BU / ACRE,19,025,19025,42.38617,-94.643683
2021,IA,CALHOUN,25,CORN,YIELD,217.8,BU / ACRE,19,025,19025,42.38617,-94.643683
2020,IA,CALHOUN,25,CORN,YIELD,159.6,BU / ACRE,19,025,19025,42.38617,-94.643683
2019,IA,CALHOUN,25,CORN,YIELD,198.8,BU / ACRE,19,025,19025,42.38617,-94.643683
2018,IA,CALHOUN,25,CORN,YIELD,193.3,BU / ACRE,19,025,19025,42.38617,-94.643683
2017,IA,CALHOUN,25,CORN,YIELD,195.1,BU / ACRE,19,025,19025,42.38617,-94.643683
2016,IA,CALHOUN,25,CORN,YIELD,207.3,BU / ACRE,19,025,19025,42.38617,-94.643683
2024,IA,CARROLL,27,CORN,YIELD,240.9,BU / ACRE,19,027,19027,42.039492,-94.867647
2023,IA,CARROLL,27,CORN,YIELD,196.7,BU / ACRE,19,027,19027,42.039492,-94.867647
2022,IA,CARROLL,27,CORN,YIELD,195.7,BU / ACRE,19,027,19027,42.039492,-94.867647
2021,IA,CARROLL,27,CORN,YIELD,218.3,BU / ACRE,19,027,19027,42.039492,-94.867647
2020,IA,CARROLL,27,CORN,YIELD,150.6,BU / ACRE,19,027,19027,42.039492,-94.867647
2019,IA,CARROLL,27,CORN,YIELD,219.7,BU / ACRE,19,027,19027,42.039492,-94.867647
2018,IA,CARROLL,27,CORN,YIELD,208.4,BU / ACRE,19,027,19027,42.039492,-94.867647
2017,IA,CARROLL,27,CORN,YIELD,211.3,BU / ACRE,19,027,19027,42.039492,-94.867647
2016,IA,CARROLL,27,CORN,YIELD,203.1,BU / ACRE,19,027,19027,42.039492,-94.867647
2024,IA,CRAWFORD,47,CORN,YIELD,214.2,BU / ACRE,19,047,19047,42.043119,-95.38909
2023,IA,CRAWFORD,47,CORN,YIELD,187.9,BU / ACRE,19,047,19047,42.043119,-95.38909
2022,IA,CRAWFORD,47,CORN,YIELD,216.4,BU / ACRE,19,047,19047,42.043119,-95.38909
2021,IA,CRAWFORD,47,CORN,YIELD,218.5,BU / ACRE,19,047,19047,42.043119,-95.38909
2020,IA,CRAWFORD,47,CORN,YIELD,181.2,BU / ACRE,19,047,19047,42.043119,-95.38909
2019,IA,CRAWFORD,47,CORN,YIELD,234.7,BU / ACRE,19,047,19047,42.043119,-95.38909
2018,IA,CRAWFORD,47,CORN,YIELD,214.0,BU / ACRE,19,047,19047,42.043119,-95.38909
2017,IA,CRAWFORD,47,CORN,YIELD,221.9,BU / ACRE,19,047,19047,42.043119,-95.38909
2016,IA,CRAWFORD,47,CORN,YIELD,213.5,BU / ACRE,19,047,19047,42.043119,-95.38909
2024,IA,GREENE,73,CORN,YIELD,223.1,BU / ACRE,19,073,19073,42.042494,-94.388703
2023,IA,GREENE,73,CORN,YIELD,208.0,BU / ACRE,19,073,19073,42.042494,-94.388703
2022,IA,GREENE,73,CORN,YIELD,197.3,BU / ACRE,19,073,19073,42.042494,-94.388703
2021,IA,GREENE,73,CORN,YIELD,220.5,BU / ACRE,19,073,19073,42.042494,-94.388703
2020,IA,GREENE,73,CORN,YIELD,153.8,BU / ACRE,19,073,19073,42.042494,-94.388703
2019,IA,GREENE,73,CORN,YIELD,201.4,BU / ACRE,19,073,19073,42.042494,-94.388703
2018,IA,GREENE,73,CORN,YIELD,201.3,BU / ACRE,19,073,19073,42.042494,-94.388703
2017,IA,GREENE,73,CORN,YIELD,202.2,BU / ACRE,19,073,19073,42.042494,-94.388703
2016,IA,GREENE,73,CORN,YIELD,205.5,BU / ACRE,19,073,19073,42.042494,-94.388703
2022,IA,GUTHRIE,77,CORN,YIELD,193.6,BU / ACRE,19,077,19077,41.683573,-94.501272
2021,IA,GUTHRIE,77,CORN,YIELD,220.0,BU / ACRE,19,077,19077,41.683573,-94.501272
2020,IA,GUTHRIE,77,CORN,YIELD,151.3,BU / ACRE,19,077,19077,41.683573,-94.501272
2019,IA,GUTHRIE,77,CORN,YIELD,196.7,BU / ACRE,19,077,19077,41.683573,-94.501272
2018,IA,GUTHRIE,77,CORN,YIELD,192.2,BU / ACRE,19,077,19077,41.683573,-94.501272
2017,IA,GUTHRIE,77,CORN,YIELD,197.6,BU / ACRE,19,077,19077,41.683573,-94.501272
2016,IA,GUTHRIE,77,CORN,YIELD,198.2,BU / ACRE,19,077,19077,41.683573,-94.501272
2023,IA,HARRISON,85,CORN,YIELD,190.3,BU / ACRE,19,085,19085,41.688584,-95.827149
2022,IA,HARRISON,85,CORN,YIELD,172.4,BU / ACRE,19,085,19085,41.688584,-95.827149
2020,IA,HARRISON,85,CORN,YIELD,180.2,BU / ACRE,19,085,19085,41.688584,-95.827149
2018,IA,HARRISON,85,CORN,YIELD,176.0,BU / ACRE,19,085,19085,41.688584,-95.827149
2017,IA,HARRISON,85,CORN,YIELD,193.2,BU / ACRE,19,085,19085,41.688584,-95.827149
2016,IA,HARRISON,85,CORN,YIELD,204.6,BU / ACRE,19,085,19085,41.688584,-95.827149
2024,IA,IDA,93,CORN,YIELD,221.5,BU / ACRE,19,093,19093,42.39186,-95.507421
2023,IA,IDA,93,CORN,YIELD,198.0,BU / ACRE,19,093,19093,42.39186,-95.507421
2022,IA,IDA,93,CORN,YIELD,221.2,BU / ACRE,19,093,19093,42.39186,-95.507421
2021,IA,IDA,93,CORN,YIELD,226.8,BU / ACRE,19,093,19093,42.39186,-95.507421
2020,IA,IDA,93,CORN,YIELD,188.2,BU / ACRE,19,093,19093,42.39186,-95.507421
2018,IA,IDA,93,CORN,YIELD,222.2,BU / ACRE,19,093,19093,42.39186,-95.507421
2017,IA,IDA,93,CORN,YIELD,215.7,BU / ACRE,19,093,19093,42.39186,-95.507421
2016,IA,IDA,93,CORN,YIELD,216.0,BU / ACRE,19,093,19093,42.39186,-95.507421
2024,IA,MONONA,133,CORN,YIELD,192.0,BU / ACRE,19,133,19133,42.049432,-95.956566
2023,IA,MONONA,133,CORN,YIELD,165.4,BU / ACRE,19,133,19133,42.049432,-95.956566
2022,IA,MONONA,133,CORN,YIELD,168.6,BU / ACRE,19,133,19133,42.049432,-95.956566
2021,IA,MONONA,133,CORN,YIELD,197.7,BU / ACRE,19,133,19133,42.049432,-95.956566
2020,IA,MONONA,133,CORN,YIELD,178.4,BU / ACRE,19,133,19133,42.049432,-95.956566
2019,IA,MONONA,133,CORN,YIELD,203.9,BU / ACRE,19,133,19133,42.049432,-95.956566
2018,IA,MONONA,133,CORN,YIELD,181.4,BU / ACRE,19,133,19133,42.049432,-95.956566
2017,IA,MONONA,133,CORN,YIELD,196.0,BU / ACRE,19,133,19133,42.049432,-95.956566
2016,IA,MONONA,133,CORN,YIELD,184.5,BU / ACRE,19,133,19133,42.049432,-95.956566
2024,IA,SAC,161,CORN,YIELD,229.1,BU / ACRE,19,161,19161,42.387526,-95.105224
2023,IA,SAC,161,CORN,YIELD,199.1,BU / ACRE,19,161,19161,42.387526,-95.105224
2022,IA,SAC,161,CORN,YIELD,212.4,BU / ACRE,19,161,19161,42.387526,-95.105224
2021,IA,SAC,161,CORN,YIELD,231.0,BU / ACRE,19,161,19161,42.387526,-95.105224
2020,IA,SAC,161,CORN,YIELD,161.0,BU / ACRE,19,161,19161,42.387526,-95.105224
2019,IA,SAC,161,CORN,YIELD,220.6,BU / ACRE,19,161,19161,42.387526,-95.105224
2018,IA,SAC,161,CORN,YIELD,213.5,BU / ACRE,19,161,19161,42.387526,-95.105224
2017,IA,SAC,161,CORN,YIELD,194.5,BU / ACRE,19,161,19161,42.387526,-95.105224
2016,IA,SAC,161,CORN,YIELD,214.3,BU / ACRE,19,161,19161,42.387526,-95.105224
2023,IA,SHELBY,165,CORN,YIELD,196.0,BU / ACRE,19,165,19165,41.679014,-95.308917
2022,IA,SHELBY,165,CORN,YIELD,209.0,BU / ACRE,19,165,19165,41.679014,-95.308917
2020,IA,SHELBY,165,CORN,YIELD,190.5,BU / ACRE,19,165,19165,41.679014,-95.308917
2019,IA,SHELBY,165,CORN,YIELD,217.3,BU / ACRE,19,165,19165,41.679014,-95.308917
2018,IA,SHELBY,165,CORN,YIELD,189.1,BU / ACRE,19,165,19165,41.679014,-95.308917
2017,IA,SHELBY,165,CORN,YIELD,207.1,BU / ACRE,19,165,19165,41.679014,-95.308917
2016,IA,SHELBY,165,CORN,YIELD,215.3,BU / ACRE,19,165,19165,41.679014,-95.308917
2024,IA,WOODBURY,193,CORN,YIELD,206.4,BU / ACRE,19,193,19193,42.39322,-96.053296
2023,IA,WOODBURY,193,CORN,YIELD,168.3,BU / ACRE,19,193,19193,42.39322,-96.053296
2022,IA,WOODBURY,193,CORN,YIELD,200.2,BU / ACRE,19,193,19193,42.39322,-96.053296
2021,IA,WOODBURY,193,CORN,YIELD,206.7,BU / ACRE,19,193,19193,42.39322,-96.053296
2020,IA,WOODBURY,193,CORN,YIELD,191.0,BU / ACRE,19,193,19193,42.39322,-96.053296
2019,IA,WOODBURY,193,CORN,YIELD,218.2,BU / ACRE,19,193,19193,42.39322,-96.053296
2018,IA,WOODBURY,193,CORN,YIELD,219.3,BU / ACRE,19,193,19193,42.39322,-96.053296
2017,IA,WOODBURY,193,CORN,YIELD,200.5,BU / ACRE,19,193,19193,42.39322,-96.053296
2016,IA,WOODBURY,193,CORN,YIELD,203.7,BU / ACRE,19,193,19193,42.39322,-96.053296
2024,IA,BOONE,15,CORN,YIELD,217.6,BU / ACRE,19,015,19015,42.038642,-93.938358
2023,IA,BOONE,15,CORN,YIELD,226.5,BU / ACRE,19,015,19015,42.038642,-93.938358
2022,IA,BOONE,15,CORN,YIELD,202.4,BU / ACRE,19,015,19015,42.038642,-93.938358
2021,IA,BOONE,15,CORN,YIELD,208.4,BU / ACRE,19,015,19015,42.038642,-93.938358
2020,IA,BOONE,15,CORN,YIELD,160.7,BU / ACRE,19,015,19015,42.038642,-93.938358
2019,IA,BOONE,15,CORN,YIELD,194.8,BU / ACRE,19,015,19015,42.038642,-93.938358
2018,IA,BOONE,15,CORN,YIELD,193.7,BU / ACRE,19,015,19015,42.038642,-93.938358
2017,IA,BOONE,15,CORN,YIELD,192.4,BU / ACRE,19,015,19015,42.038642,-93.938358
2016,IA,BOONE,15,CORN,YIELD,208.4,BU / ACRE,19,015,19015,42.038642,-93.938358
2023,IA,DALLAS,49,CORN,YIELD,210.9,BU / ACRE,19,049,19049,41.68532,-94.040706
2022,IA,DALLAS,49,CORN,YIELD,187.2,BU / ACRE,19,049,19049,41.68532,-94.040706
2021,IA,DALLAS,49,CORN,YIELD,209.9,BU / ACRE,19,049,19049,41.68532,-94.040706
2020,IA,DALLAS,49,CORN,YIELD,139.7,BU / ACRE,19,049,19049,41.68532,-94.040706
2019,IA,DALLAS,49,CORN,YIELD,195.0,BU / ACRE,19,049,19049,41.68532,-94.040706
2018,IA,DALLAS,49,CORN,YIELD,174.0,BU / ACRE,19,049,19049,41.68532,-94.040706
2017,IA,DALLAS,49,CORN,YIELD,187.2,BU / ACRE,19,049,19049,41.68532,-94.040706
2016,IA,DALLAS,49,CORN,YIELD,204.0,BU / ACRE,19,049,19049,41.68532,-94.040706
2023,IA,GRUNDY,75,CORN,YIELD,212.9,BU / ACRE,19,075,19075,42.403339,-92.790244
2022,IA,GRUNDY,75,CORN,YIELD,207.5,BU / ACRE,19,075,19075,42.403339,-92.790244
2021,IA,GRUNDY,75,CORN,YIELD,209.4,BU / ACRE,19,075,19075,42.403339,-92.790244
2020,IA,GRUNDY,75,CORN,YIELD,182.7,BU / ACRE,19,075,19075,42.403339,-92.790244
2019,IA,GRUNDY,75,CORN,YIELD,209.8,BU / ACRE,19,075,19075,42.403339,-92.790244
2018,IA,GRUNDY,75,CORN,YIELD,225.2,BU / ACRE,19,075,19075,42.403339,-92.790244
2017,IA,GRUNDY,75,CORN,YIELD,217.3,BU / ACRE,19,075,19075,42.403339,-92.790244
2016,IA,GRUNDY,75,CORN,YIELD,198.5,BU / ACRE,19,075,19075,42.403339,-92.790244
2024,IA,HAMILTON,79,CORN,YIELD,212.3,BU / ACRE,19,079,19079,42.390768,-93.709198
2023,IA,HAMILTON,79,CORN,YIELD,215.5,BU / ACRE,19,079,19079,42.390768,-93.709198
2022,IA,HAMILTON,79,CORN,YIELD,208.6,BU / ACRE,19,079,19079,42.390768,-93.709198
2020,IA,HAMILTON,79,CORN,YIELD,166.2,BU / ACRE,19,079,19079,42.390768,-93.709198
2019,IA,HAMILTON,79,CORN,YIELD,198.2,BU / ACRE,19,079,19079,42.390768,-93.709198
2018,IA,HAMILTON,79,CORN,YIELD,188.9,BU / ACRE,19,079,19079,42.390768,-93.709198
2017,IA,HAMILTON,79,CORN,YIELD,194.6,BU / ACRE,19,079,19079,42.390768,-93.709198
2016,IA,HAMILTON,79,CORN,YIELD,209.0,BU / ACRE,19,079,19079,42.390768,-93.709198
2023,IA,HARDIN,83,CORN,YIELD,213.3,BU / ACRE,19,083,19083,42.390208,-93.241669
2022,IA,HARDIN,83,CORN,YIELD,215.6,BU / ACRE,19,083,19083,42.390208,-93.241669
2021,IA,HARDIN,83,CORN,YIELD,193.2,BU / ACRE,19,083,19083,42.390208,-93.241669
2020,IA,HARDIN,83,CORN,YIELD,155.7,BU / ACRE,19,083,19083,42.390208,-93.241669
2019,IA,HARDIN,83,CORN,YIELD,200.2,BU / ACRE,19,083,19083,42.390208,-93.241669
2018,IA,HARDIN,83,CORN,YIELD,216.6,BU / ACRE,19,083,19083,42.390208,-93.241669
2017,IA,HARDIN,83,CORN,YIELD,213.7,BU / ACRE,19,083,19083,42.390208,-93.241669
2016,IA,HARDIN,83,CORN,YIELD,208.0,BU / ACRE,19,083,19083,42.390208,-93.241669
2023,IA,JASPER,99,CORN,YIELD,218.0,BU / ACRE,19,099,19099,41.685551,-93.054147
2022,IA,JASPER,99,CORN,YIELD,203.6,BU / ACRE,19,099,19099,41.685551,-93.054147
2021,IA,JASPER,99,CORN,YIELD,221.7,BU / ACRE,19,099,19099,41.685551,-93.054147
2019,IA,JASPER,99,CORN,YIELD,209.3,BU / ACRE,19,099,19099,41.685551,-93.054147
2018,IA,JASPER,99,CORN,YIELD,218.6,BU / ACRE,19,099,19099,41.685551,-93.054147
2017,IA,JASPER,99,CORN,YIELD,204.6,BU / ACRE,19,099,19099,41.685551,-93.054147
2016,IA,JASPER,99,CORN,YIELD,214.7,BU / ACRE,19,099,19099,41.685551,-93.054147
2024,IA,MARSHALL,127,CORN,YIELD,222.2,BU / ACRE,19,127,19127,42.041691,-92.981452
2023,IA,MARSHALL,127,CORN,YIELD,216.3,BU / ACRE,19,127,19127,42.041691,-92.981452
2022,IA,MARSHALL,127,CORN,YIELD,214.1,BU / ACRE,19,127,19127,42.041691,-92.981452
2021,IA,MARSHALL,127,CORN,YIELD,211.5,BU / ACRE,19,127,19127,42.041691,-92.981452
2019,IA,MARSHALL,127,CORN,YIELD,221.9,BU / ACRE,19,127,19127,42.041691,-92.981452
2018,IA,MARSHALL,127,CORN,YIELD,226.0,BU / ACRE,19,127,19127,42.041691,-92.981452
2017,IA,MARSHALL,127,CORN,YIELD,222.4,BU / ACRE,19,127,19127,42.041691,-92.981452
2016,IA,MARSHALL,127,CORN,YIELD,211.3,BU / ACRE,19,127,19127,42.041691,-92.981452
2024,IA,POLK,153,CORN,YIELD,218.0,BU / ACRE,19,153,19153,41.684816,-93.568971
2023,IA,POLK,153,CORN,YIELD,206.4,BU / ACRE,19,153,19153,41.684816,-93.568971
2022,IA,POLK,153,CORN,YIELD,188.6,BU / ACRE,19,153,19153,41.684816,-93.568971
2021,IA,POLK,153,CORN,YIELD,217.5,BU / ACRE,19,153,19153,41.684816,-93.568971
2020,IA,POLK,153,CORN,YIELD,150.2,BU / ACRE,19,153,19153,41.684816,-93.568971
2019,IA,POLK,153,CORN,YIELD,196.6,BU / ACRE,19,153,19153,41.684816,-93.568971
2018,IA,POLK,153,CORN,YIELD,186.2,BU / ACRE,19,153,19153,41.684816,-93.568971
2017,IA,POLK,153,CORN,YIELD,200.3,BU / ACRE,19,153,19153,41.684816,-93.568971
2016,IA,POLK,153,CORN,YIELD,199.8,BU / ACRE,19,153,19153,41.684816,-93.568971
2024,IA,POWESHIEK,157,CORN,YIELD,223.0,BU / ACRE,19,157,19157,41.684526,-92.522882
2023,IA,POWESHIEK,157,CORN,YIELD,204.9,BU / ACRE,19,157,19157,41.684526,-92.522882
2022,IA,POWESHIEK,157,CORN,YIELD,193.3,BU / ACRE,19,157,19157,41.684526,-92.522882
2021,IA,POWESHIEK,157,CORN,YIELD,201.0,BU / ACRE,19,157,19157,41.684526,-92.522882
2020,IA,POWESHIEK,157,CORN,YIELD,138.2,BU / ACRE,19,157,19157,41.684526,-92.522882
2019,IA,POWESHIEK,157,CORN,YIELD,200.3,BU / ACRE,19,157,19157,41.684526,-92.522882
2018,IA,POWESHIEK,157,CORN,YIELD,218.7,BU / ACRE,19,157,19157,41.684526,-92.522882
2017,IA,POWESHIEK,157,CORN,YIELD,215.1,BU / ACRE,19,157,19157,41.684526,-92.522882
2016,IA,POWESHIEK,157,CORN,YIELD,213.2,BU / ACRE,19,157,19157,41.684526,-92.522882
2024,IA,STORY,169,CORN,YIELD,215.5,BU / ACRE,19,169,19169,42.037538,-93.466093
2023,IA,STORY,169,CORN,YIELD,211.4,BU / ACRE,19,169,19169,42.037538,-93.466093
2022,IA,STORY,169,CORN,YIELD,207.1,BU / ACRE,19,169,19169,42.037538,-93.466093
2021,IA,STORY,169,CORN,YIELD,201.2,BU / ACRE,19,169,19169,42.037538,-93.466093
2020,IA,STORY,169,CORN,YIELD,148.4,BU / ACRE,19,169,19169,42.037538,-93.466093
2019,IA,STORY,169,CORN,YIELD,189.3,BU / ACRE,19,169,19169,42.037538,-93.466093
2018,IA,STORY,169,CORN,YIELD,192.3,BU / ACRE,19,169,19169,42.037538,-93.466093
2017,IA,STORY,169,CORN,YIELD,200.3,BU / ACRE,19,169,19169,42.037538,-93.466093
2016,IA,STORY,169,CORN,YIELD,211.9,BU / ACRE,19,169,19169,42.037538,-93.466093
2023,IA,TAMA,171,CORN,YIELD,197.4,BU / ACRE,19,171,19171,42.074848,-92.529411
2022,IA,TAMA,171,CORN,YIELD,203.3,BU / ACRE,19,171,19171,42.074848,-92.529411
2021,IA,TAMA,171,CORN,YIELD,213.9,BU / ACRE,19,171,19171,42.074848,-92.529411
2020,IA,TAMA,171,CORN,YIELD,132.7,BU / ACRE,19,171,19171,42.074848,-92.529411
2019,IA,TAMA,171,CORN,YIELD,204.8,BU / ACRE,19,171,19171,42.074848,-92.529411
2018,IA,TAMA,171,CORN,YIELD,224.3,BU / ACRE,19,171,19171,42.074848,-92.529411
2017,IA,TAMA,171,CORN,YIELD,220.6,BU / ACRE,19,171,19171,42.074848,-92.529411
2016,IA,TAMA,171,CORN,YIELD,208.4,BU / ACRE,19,171,19171,42.074848,-92.529411
2024,IA,WEBSTER,187,CORN,YIELD,211.6,BU / ACRE,19,187,19187,42.433579,-94.175831
2023,IA,WEBSTER,187,CORN,YIELD,212.8,BU / ACRE,19,187,19187,42.433579,-94.175831
2022,IA,WEBSTER,187,CORN,YIELD,201.5,BU / ACRE,19,187,19187,42.433579,-94.175831
2021,IA,WEBSTER,187,CORN,YIELD,216.2,BU / ACRE,19,187,19187,42.433579,-94.175831
2020,IA,WEBSTER,187,CORN,YIELD,173.1,BU / ACRE,19,187,19187,42.433579,-94.175831
2019,IA,WEBSTER,187,CORN,YIELD,202.9,BU / ACRE,19,187,19187,42.433579,-94.175831
2018,IA,WEBSTER,187,CORN,YIELD,188.1,BU / ACRE,19,187,19187,42.433579,-94.175831
2017,IA,WEBSTER,187,CORN,YIELD,197.9,BU / ACRE,19,187,19187,42.433579,-94.175831
2016,IA,WEBSTER,187,CORN,YIELD,200.8,BU / ACRE,19,187,19187,42.433579,-94.175831
2024,IA,BENTON,11,CORN,YIELD,238.6,BU / ACRE,19,011,19011,42.092547,-92.05763
2023,IA,BENTON,11,CORN,YIELD,199.7,BU / ACRE,19,011,19011,42.092547,-92.05763
2022,IA,BENTON,11,CORN,YIELD,221.7,BU / ACRE,19,011,19011,42.092547,-92.05763
2021,IA,BENTON,11,CORN,YIELD,211.7,BU / ACRE,19,011,19011,42.092547,-92.05763
2020,IA,BENTON,11,CORN,YIELD,144.8,BU / ACRE,19,011,19011,42.092547,-92.05763
2019,IA,BENTON,11,CORN,YIELD,197.6,BU / ACRE,19,011,19011,42.092547,-92.05763
2018,IA,BENTON,11,CORN,YIELD,214.6,BU / ACRE,19,011,19011,42.092547,-92.05763
2017,IA,BENTON,11,CORN,YIELD,215.3,BU / ACRE,19,011,19011,42.092547,-92.05763
2016,IA,BENTON,11,CORN,YIELD,199.9,BU / ACRE,19,011,19011,42.092547,-92.05763
2024,IA,CEDAR,31,CORN,YIELD,236.2,BU / ACRE,19,031,19031,41.77236,-91.132611
2023,IA,CEDAR,31,CORN,YIELD,205.7,BU / ACRE,19,031,19031,41.77236,-91.132611
2022,IA,CEDAR,31,CORN,YIELD,221.4,BU / ACRE,19,031,19031,41.77236,-91.132611
2021,IA,CEDAR,31,CORN,YIELD,207.1,BU / ACRE,19,031,19031,41.77236,-91.132611
2020,IA,CEDAR,31,CORN,YIELD,153.3,BU / ACRE,19,031,19031,41.77236,-91.132611
2019,IA,CEDAR,31,CORN,YIELD,193.7,BU / ACRE,19,031,19031,41.77236,-91.132611
2018,IA,CEDAR,31,CORN,YIELD,222.3,BU / ACRE,19,031,19031,41.77236,-91.132611
2017,IA,CEDAR,31,CORN,YIELD,222.3,BU / ACRE,19,031,19031,41.77236,-91.132611
2016,IA,CEDAR,31,CORN,YIELD,215.3,BU / ACRE,19,031,19031,41.77236,-91.132611
2024,IA,CLINTON,45,CORN,YIELD,235.9,BU / ACRE,19,045,19045,41.898073,-90.534243
2023,IA,CLINTON,45,CORN,YIELD,198.0,BU / ACRE,19,045,19045,41.898073,-90.534243
2022,IA,CLINTON,45,CORN,YIELD,225.2,BU / ACRE,19,045,19045,41.898073,-90.534243
2021,IA,CLINTON,45,CORN,YIELD,206.5,BU / ACRE,19,045,19045,41.898073,-90.534243
2020,IA,CLINTON,45,CORN,YIELD,178.4,BU / ACRE,19,045,19045,41.898073,-90.534243
2019,IA,CLINTON,45,CORN,YIELD,196.1,BU / ACRE,19,045,19045,41.898073,-90.534243
2018,IA,CLINTON,45,CORN,YIELD,210.9,BU / ACRE,19,045,19045,41.898073,-90.534243
2017,IA,CLINTON,45,CORN,YIELD,213.3,BU / ACRE,19,045,19045,41.898073,-90.534243
2016,IA,CLINTON,45,CORN,YIELD,213.8,BU / ACRE,19,045,19045,41.898073,-90.534243
2024,IA,IOWA,95,CORN,YIELD,219.2,BU / ACRE,19,095,19095,41.683918,-92.059123
2023,IA,IOWA,95,CORN,YIELD,213.5,BU / ACRE,19,095,19095,41.683918,-92.059123
2022,IA,IOWA,95,CORN,YIELD,205.9,BU / ACRE,19,095,19095,41.683918,-92.059123
2020,IA,IOWA,95,CORN,YIELD,151.1,BU / ACRE,19,095,19095,41.683918,-92.059123
2019,IA,IOWA,95,CORN,YIELD,190.6,BU / ACRE,19,095,19095,41.683918,-92.059123
2018,IA,IOWA,95,CORN,YIELD,211.7,BU / ACRE,19,095,19095,41.683918,-92.059123
2017,IA,IOWA,95,CORN,YIELD,216.7,BU / ACRE,19,095,19095,41.683918,-92.059123
2016,IA,IOWA,95,CORN,YIELD,210.6,BU / ACRE,19,095,19095,41.683918,-92.059123
2024,IA,JACKSON,97,CORN,YIELD,227.5,BU / ACRE,19,097,19097,42.164226,-90.574582
2023,IA,JACKSON,97,CORN,YIELD,189.6,BU / ACRE,19,097,19097,42.164226,-90.574582
2022,IA,JACKSON,97,CORN,YIELD,219.2,BU / ACRE,19,097,19097,42.164226,-90.574582
2021,IA,JACKSON,97,CORN,YIELD,191.2,BU / ACRE,19,097,19097,42.164226,-90.574582
2020,IA,JACKSON,97,CORN,YIELD,185.6,BU / ACRE,19,097,19097,42.164226,-90.574582
2019,IA,JACKSON,97,CORN,YIELD,185.5,BU / ACRE,19,097,19097,42.164226,-90.574582
2018,IA,JACKSON,97,CORN,YIELD,202.4,BU / ACRE,19,097,19097,42.164226,-90.574582
2017,IA,JACKSON,97,CORN,YIELD,202.1,BU / ACRE,19,097,19097,42.164226,-90.574582
2016,IA,JACKSON,97,CORN,YIELD,202.1,BU / ACRE,19,097,19097,42.164226,-90.574582
2024,IA,JOHNSON,103,CORN,YIELD,223.1,BU / ACRE,19,103,19103,41.670668,-91.590529
2023,IA,JOHNSON,103,CORN,YIELD,203.1,BU / ACRE,19,103,19103,41.670668,-91.590529
2022,IA,JOHNSON,103,CORN,YIELD,205.2,BU / ACRE,19,103,19103,41.670668,-91.590529
2020,IA,JOHNSON,103,CORN,YIELD,161.8,BU / ACRE,19,103,19103,41.670668,-91.590529
2019,IA,JOHNSON,103,CORN,YIELD,181.3,BU / ACRE,19,103,19103,41.670668,-91.590529
2018,IA,JOHNSON,103,CORN,YIELD,212.3,BU / ACRE,19,103,19103,41.670668,-91.590529
2017,IA,JOHNSON,103,CORN,YIELD,213.1,BU / ACRE,19,103,19103,41.670668,-91.590529
2016,IA,JOHNSON,103,CORN,YIELD,189.0,BU / ACRE,19,103,19103,41.670668,-91.590529
2024,IA,JONES,105,CORN,YIELD,233.3,BU / ACRE,19,105,19105,42.125118,-91.116914
2023,IA,JONES,105,CORN,YIELD,190.7,BU / ACRE,19,105,19105,42.125118,-91.116914
2022,IA,JONES,105,CORN,YIELD,218.2,BU / ACRE,19,105,19105,42.125118,-91.116914
2020,IA,JONES,105,CORN,YIELD,171.6,BU / ACRE,19,105,19105,42.125118,-91.116914
2019,IA,JONES,105,CORN,YIELD,203.0,BU / ACRE,19,105,19105,42.125118,-91.116914
2018,IA,JONES,105,CORN,YIELD,208.9,BU / ACRE,19,105,19105,42.125118,-91.116914
2017,IA,JONES,105,CORN,YIELD,217.0,BU / ACRE,19,105,19105,42.125118,-91.116914
2016,IA,JONES,105,CORN,YIELD,201.3,BU / ACRE,19,105,19105,42.125118,-91.116914
2024,IA,LINN,113,CORN,YIELD,230.1,BU / ACRE,19,113,19113,42.077951,-91.597674
2023,IA,LINN,113,CORN,YIELD,179.5,BU / ACRE,19,113,19113,42.077951,-91.597674
2022,IA,LINN,113,CORN,YIELD,215.0,BU / ACRE,19,113,19113,42.077951,-91.597674
2020,IA,LINN,113,CORN,YIELD,164.9,BU / ACRE,19,113,19113,42.077951,-91.597674
2019,IA,LINN,113,CORN,YIELD,223.7,BU / ACRE,19,113,19113,42.077951,-91.597674
2018,IA,LINN,113,CORN,YIELD,215.4,BU / ACRE,19,113,19113,42.077951,-91.597674
2017,IA,LINN,113,CORN,YIELD,217.4,BU / ACRE,19,113,19113,42.077951,-91.597674
2016,IA,LINN,113,CORN,YIELD,200.3,BU / ACRE,19,113,19113,42.077951,-91.597674
2024,IA,MUSCATINE,139,CORN,YIELD,220.4,BU / ACRE,19,139,19139,41.483776,-91.118699
2023,IA,MUSCATINE,139,CORN,YIELD,211.9,BU / ACRE,19,139,19139,41.483776,-91.118699
2022,IA,MUSCATINE,139,CORN,YIELD,213.1,BU / ACRE,19,139,19139,41.483776,-91.118699
2021,IA,MUSCATINE,139,CORN,YIELD,204.5,BU / ACRE,19,139,19139,41.483776,-91.118699
2020,IA,MUSCATINE,139,CORN,YIELD,172.8,BU / ACRE,19,139,19139,41.483776,-91.118699
2019,IA,MUSCATINE,139,CORN,YIELD,173.2,BU / ACRE,19,139,19139,41.483776,-91.118699
2018,IA,MUSCATINE,139,CORN,YIELD,209.6,BU / ACRE,19,139,19139,41.483776,-91.118699
2017,IA,MUSCATINE,139,CORN,YIELD,206.8,BU / ACRE,19,139,19139,41.483776,-91.118699
2016,IA,MUSCATINE,139,CORN,YIELD,203.0,BU / ACRE,19,139,19139,41.483776,-91.118699
2024,IA,SCOTT,163,CORN,YIELD,234.2,BU / ACRE,19,163,19163,41.642079,-90.622289
2023,IA,SCOTT,163,CORN,YIELD,210.1,BU / ACRE,19,163,19163,41.642079,-90.622289
2022,IA,SCOTT,163,CORN,YIELD,216.2,BU / ACRE,19,163,19163,41.642079,-90.622289
2021,IA,SCOTT,163,CORN,YIELD,206.8,BU / ACRE,19,163,19163,41.642079,-90.622289
2020,IA,SCOTT,163,CORN,YIELD,181.3,BU / ACRE,19,163,19163,41.642079,-90.622289
2019,IA,SCOTT,163,CORN,YIELD,189.4,BU / ACRE,19,163,19163,41.642079,-90.622289
2018,IA,SCOTT,163,CORN,YIELD,214.0,BU / ACRE,19,163,19163,41.642079,-90.622289
2017,IA,SCOTT,163,CORN,YIELD,220.0,BU / ACRE,19,163,19163,41.642079,-90.622289
2016,IA,SCOTT,163,CORN,YIELD,216.0,BU / ACRE,19,163,19163,41.642079,-90.622289
2024,IA,ADAIR,1,CORN,YIELD,211.2,BU / ACRE,19,001,19001,41.328528,-94.478164
2022,IA,ADAIR,1,CORN,YIELD,164.2,BU / ACRE,19,001,19001,41.328528,-94.478164
2020,IA,ADAIR,1,CORN,YIELD,168.7,BU / ACRE,19,001,19001,41.328528,-94.478164
2019,IA,ADAIR,1,CORN,YIELD,176.5,BU / ACRE,19,001,19001,41.328528,-94.478164
2018,IA,ADAIR,1,CORN,YIELD,149.5,BU / ACRE,19,001,19001,41.328528,-94.478164
2017,IA,ADAIR,1,CORN,YIELD,175.2,BU / ACRE,19,001,19001,41.328528,-94.478164
2016,IA,ADAIR,1,CORN,YIELD,190.3,BU / ACRE,19,001,19001,41.328528,-94.478164
2020,IA,ADAMS,3,CORN,YIELD,173.3,BU / ACRE,19,003,19003,41.021656,-94.696906
2018,IA,ADAMS,3,CORN,YIELD,171.6,BU / ACRE,19,003,19003,41.021656,-94.696906
2017,IA,ADAMS,3,CORN,YIELD,179.9,BU / ACRE,19,003,19003,41.021656,-94.696906
2016,IA,ADAMS,3,CORN,YIELD,187.4,BU / ACRE,19,003,19003,41.021656,-94.696906
2024,IA,CASS,29,CORN,YIELD,217.0,BU / ACRE,19,029,19029,41.333824,-94.933302
2022,IA,CASS,29,CORN,YIELD,179.2,BU / ACRE,19,029,19029,41.333824,-94.933302
2021,IA,CASS,29,CORN,YIELD,212.4,BU / ACRE,19,029,19029,41.333824,-94.933302
2020,IA,CASS,29,CORN,YIELD,177.5,BU / ACRE,19,029,19029,41.333824,-94.933302
2019,IA,CASS,29,CORN,YIELD,200.3,BU / ACRE,19,029,19029,41.333824,-94.933302
2018,IA,CASS,29,CORN,YIELD,169.5,BU / ACRE,19,029,19029,41.333824,-94.933302
2017,IA,CASS,29,CORN,YIELD,197.4,BU / ACRE,19,029,19029,41.333824,-94.933302
2016,IA,CASS,29,CORN,YIELD,195.9,BU / ACRE,19,029,19029,41.333824,-94.933302
2024,IA,FREMONT,71,CORN,YIELD,231.0,BU / ACRE,19,071,19071,40.74259,-95.599182
2023,IA,FREMONT,71,CORN,YIELD,211.0,BU / ACRE,19,071,19071,40.74259,-95.599182
2022,IA,FREMONT,71,CORN,YIELD,191.6,BU / ACRE,19,071,19071,40.74259,-95.599182
2021,IA,FREMONT,71,CORN,YIELD,206.7,BU / ACRE,19,071,19071,40.74259,-95.599182
2020,IA,FREMONT,71,CORN,YIELD,194.8,BU / ACRE,19,071,19071,40.74259,-95.599182
2018,IA,FREMONT,71,CORN,YIELD,195.1,BU / ACRE,19,071,19071,40.74259,-95.599182
2017,IA,FREMONT,71,CORN,YIELD,204.5,BU / ACRE,19,071,19071,40.74259,-95.599182
2016,IA,FREMONT,71,CORN,YIELD,180.8,BU / ACRE,19,071,19071,40.74259,-95.599182
2024,IA,MILLS,129,CORN,YIELD,210.9,BU / ACRE,19,129,19129,41.033703,-95.619101
2023,IA,MILLS,129,CORN,YIELD,204.3,BU / ACRE,19,129,19129,41.033703,-95.619101
2022,IA,MILLS,129,CORN,YIELD,191.1,BU / ACRE,19,129,19129,41.033703,-95.619101
2021,IA,MILLS,129,CORN,YIELD,209.8,BU / ACRE,19,129,19129,41.033703,-95.619101
2020,IA,MILLS,129,CORN,YIELD,182.2,BU / ACRE,19,129,19129,41.033703,-95.619101
2019,IA,MILLS,129,CORN,YIELD,202.9,BU / ACRE,19,129,19129,41.033703,-95.619101
2017,IA,MILLS,129,CORN,YIELD,190.1,BU / ACRE,19,129,19129,41.033703,-95.619101
2016,IA,MILLS,129,CORN,YIELD,188.4,BU / ACRE,19,129,19129,41.033703,-95.619101
2024,IA,MONTGOMERY,137,CORN,YIELD,215.8,BU / ACRE,19,137,19137,41.021735,-95.15779
2023,IA,MONTGOMERY,137,CORN,YIELD,206.2,BU / ACRE,19,137,19137,41.021735,-95.15779
2022,IA,MONTGOMERY,137,CORN,YIELD,187.8,BU / ACRE,19,137,19137,41.021735,-95.15779
2021,IA,MONTGOMERY,137,CORN,YIELD,204.9,BU / ACRE,19,137,19137,41.021735,-95.15779
2020,IA,MONTGOMERY,137,CORN,YIELD,184.6,BU / ACRE,19,137,19137,41.021735,-95.15779
2019,IA,MONTGOMERY,137,CORN,YIELD,204.8,BU / ACRE,19,137,19137,41.021735,-95.15779
2018,IA,MONTGOMERY,137,CORN,YIELD,191.5,BU / ACRE,19,137,19137,41.021735,-95.15779
2017,IA,MONTGOMERY,137,CORN,YIELD,199.1,BU / ACRE,19,137,19137,41.021735,-95.15779
2016,IA,MONTGOMERY,137,CORN,YIELD,185.5,BU / ACRE,19,137,19137,41.021735,-95.15779
2024,IA,PAGE,145,CORN,YIELD,209.1,BU / ACRE,19,145,19145,40.73909,-95.14429
2023,IA,PAGE,145,CORN,YIELD,206.6,BU / ACRE,19,145,19145,40.73909,-95.14429
2022,IA,PAGE,145,CORN,YIELD,174.5,BU / ACRE,19,145,19145,40.73909,-95.14429
2021,IA,PAGE,145,CORN,YIELD,206.9,BU / ACRE,19,145,19145,40.73909,-95.14429
2020,IA,PAGE,145,CORN,YIELD,181.6,BU / ACRE,19,145,19145,40.73909,-95.14429
2019,IA,PAGE,145,CORN,YIELD,191.3,BU / ACRE,19,145,19145,40.73909,-95.14429
2018,IA,PAGE,145,CORN,YIELD,188.1,BU / ACRE,19,145,19145,40.73909,-95.14429
2017,IA,PAGE,145,CORN,YIELD,193.1,BU / ACRE,19,145,19145,40.73909,-95.14429
2016,IA,PAGE,145,CORN,YIELD,185.8,BU / ACRE,19,145,19145,40.73909,-95.14429
2023,IA,POTTAWATTAMIE,155,CORN,YIELD,198.5,BU / ACRE,19,155,19155,41.340184,-95.544905
2022,IA,POTTAWATTAMIE,155,CORN,YIELD,195.0,BU / ACRE,19,155,19155,41.340184,-95.544905
2021,IA,POTTAWATTAMIE,155,CORN,YIELD,216.3,BU / ACRE,19,155,19155,41.340184,-95.544905
2020,IA,POTTAWATTAMIE,155,CORN,YIELD,176.3,BU / ACRE,19,155,19155,41.340184,-95.544905
2019,IA,POTTAWATTAMIE,155,CORN,YIELD,208.0,BU / ACRE,19,155,19155,41.340184,-95.544905
2017,IA,POTTAWATTAMIE,155,CORN,YIELD,195.8,BU / ACRE,19,155,19155,41.340184,-95.544905
2016,IA,POTTAWATTAMIE,155,CORN,YIELD,210.4,BU / ACRE,19,155,19155,41.340184,-95.544905
2024,IA,TAYLOR,173,CORN,YIELD,192.7,BU / ACRE,19,173,19173,40.737949,-94.697108
2023,IA,TAYLOR,173,CORN,YIELD,192.9,BU / ACRE,19,173,19173,40.737949,-94.697108
2022,IA,TAYLOR,173,CORN,YIELD,172.1,BU / ACRE,19,173,19173,40.737949,-94.697108
2021,IA,TAYLOR,173,CORN,YIELD,192.0,BU / ACRE,19,173,19173,40.737949,-94.697108
2020,IA,TAYLOR,173,CORN,YIELD,166.2,BU / ACRE,19,173,19173,40.737949,-94.697108
2019,IA,TAYLOR,173,CORN,YIELD,161.7,BU / ACRE,19,173,19173,40.737949,-94.697108
2018,IA,TAYLOR,173,CORN,YIELD,154.4,BU / ACRE,19,173,19173,40.737949,-94.697108
2017,IA,TAYLOR,173,CORN,YIELD,175.0,BU / ACRE,19,173,19173,40.737949,-94.697108
2016,IA,TAYLOR,173,CORN,YIELD,159.9,BU / ACRE,19,173,19173,40.737949,-94.697108
2023,IA,APPANOOSE,7,CORN,YIELD,172.8,BU / ACRE,19,007,19007,40.744296,-92.873061
2022,IA,APPANOOSE,7,CORN,YIELD,146.1,BU / ACRE,19,007,19007,40.744296,-92.873061
2021,IA,APPANOOSE,7,CORN,YIELD,171.6,BU / ACRE,19,007,19007,40.744296,-92.873061
2020,IA,APPANOOSE,7,CORN,YIELD,143.6,BU / ACRE,19,007,19007,40.744296,-92.873061
2019,IA,APPANOOSE,7,CORN,YIELD,166.8,BU / ACRE,19,007,19007,40.744296,-92.873061
2017,IA,APPANOOSE,7,CORN,YIELD,170.0,BU / ACRE,19,007,19007,40.744296,-92.873061
2016,IA,APPANOOSE,7,CORN,YIELD,186.3,BU / ACRE,19,007,19007,40.744296,-92.873061
2024,IA,CLARKE,39,CORN,YIELD,183.9,BU / ACRE,19,039,19039,41.029191,-93.784096
2020,IA,CLARKE,39,CORN,YIELD,155.2,BU / ACRE,19,039,19039,41.029191,-93.784096
2018,IA,CLARKE,39,CORN,YIELD,161.8,BU / ACRE,19,039,19039,41.029191,-93.784096
2016,IA,CLARKE,39,CORN,YIELD,163.9,BU / ACRE,19,039,19039,41.029191,-93.784096
2024,IA,DECATUR,53,CORN,YIELD,172.2,BU / ACRE,19,053,19053,40.736379,-93.78458
2023,IA,DECATUR,53,CORN,YIELD,205.3,BU / ACRE,19,053,19053,40.736379,-93.78458
2022,IA,DECATUR,53,CORN,YIELD,148.7,BU / ACRE,19,053,19053,40.736379,-93.78458
2020,IA,DECATUR,53,CORN,YIELD,159.3,BU / ACRE,19,053,19053,40.736379,-93.78458
2018,IA,DECATUR,53,CORN,YIELD,172.5,BU / ACRE,19,053,19053,40.736379,-93.78458
2016,IA,DECATUR,53,CORN,YIELD,181.1,BU / ACRE,19,053,19053,40.736379,-93.78458
2023,IA,LUCAS,117,CORN,YIELD,173.9,BU / ACRE,19,117,19117,41.033344,-93.331467
2022,IA,LUCAS,117,CORN,YIELD,139.5,BU / ACRE,19,117,19117,41.033344,-93.331467
2021,IA,LUCAS,117,CORN,YIELD,166.1,BU / ACRE,19,117,19117,41.033344,-93.331467
2020,IA,LUCAS,117,CORN,YIELD,149.2,BU / ACRE,19,117,19117,41.033344,-93.331467
2016,IA,LUCAS,117,CORN,YIELD,174.6,BU / ACRE,19,117,19117,41.033344,-93.331467
2023,IA,MADISON,121,CORN,YIELD,202.0,BU / ACRE,19,121,19121,41.330622,-94.015184
2022,IA,MADISON,121,CORN,YIELD,166.9,BU / ACRE,19,121,19121,41.330622,-94.015184
2021,IA,MADISON,121,CORN,YIELD,195.6,BU / ACRE,19,121,19121,41.330622,-94.015184
2020,IA,MADISON,121,CORN,YIELD,172.0,BU / ACRE,19,121,19121,41.330622,-94.015184
2019,IA,MADISON,121,CORN,YIELD,175.7,BU / ACRE,19,121,19121,41.330622,-94.015184
2018,IA,MADISON,121,CORN,YIELD,167.8,BU / ACRE,19,121,19121,41.330622,-94.015184
2017,IA,MADISON,121,CORN,YIELD,173.1,BU / ACRE,19,121,19121,41.330622,-94.015184
2016,IA,MADISON,121,CORN,YIELD,185.5,BU / ACRE,19,121,19121,41.330622,-94.015184
2024,IA,MARION,125,CORN,YIELD,218.1,BU / ACRE,19,125,19125,41.331455,-93.093849
2023,IA,MARION,125,CORN,YIELD,203.7,BU / ACRE,19,125,19125,41.331455,-93.093849
2022,IA,MARION,125,CORN,YIELD,175.2,BU / ACRE,19,125,19125,41.331455,-93.093849
2021,IA,MARION,125,CORN,YIELD,199.1,BU / ACRE,19,125,19125,41.331455,-93.093849
2019,IA,MARION,125,CORN,YIELD,170.7,BU / ACRE,19,125,19125,41.331455,-93.093849
2018,IA,MARION,125,CORN,YIELD,190.2,BU / ACRE,19,125,19125,41.331455,-93.093849
2017,IA,MARION,125,CORN,YIELD,185.7,BU / ACRE,19,125,19125,41.331455,-93.093849
2016,IA,MARION,125,CORN,YIELD,198.0,BU / ACRE,19,125,19125,41.331455,-93.093849
2024,IA,MONROE,135,CORN,YIELD,191.7,BU / ACRE,19,135,19135,41.028847,-92.869642
2023,IA,MONROE,135,CORN,YIELD,181.1,BU / ACRE,19,135,19135,41.028847,-92.869642
2022,IA,MONROE,135,CORN,YIELD,145.4,BU / ACRE,19,135,19135,41.028847,-92.869642
2021,IA,MONROE,135,CORN,YIELD,166.1,BU / ACRE,19,135,19135,41.028847,-92.869642
2020,IA,MONROE,135,CORN,YIELD,153.8,BU / ACRE,19,135,19135,41.028847,-92.869642
2019,IA,MONROE,135,CORN,YIELD,162.3,BU / ACRE,19,135,19135,41.028847,-92.869642
2018,IA,MONROE,135,CORN,YIELD,167.0,BU / ACRE,19,135,19135,41.028847,-92.869642
2017,IA,MONROE,135,CORN,YIELD,169.9,BU / ACRE,19,135,19135,41.028847,-92.869642
2016,IA,MONROE,135,CORN,YIELD,180.0,BU / ACRE,19,135,19135,41.028847,-92.869642
2022,IA,RINGGOLD,159,CORN,YIELD,151.8,BU / ACRE,19,159,19159,40.735334,-94.244251
2021,IA,RINGGOLD,159,CORN,YIELD,175.8,BU / ACRE,19,159,19159,40.735334,-94.244251
2020,IA,RINGGOLD,159,CORN,YIELD,159.1,BU / ACRE,19,159,19159,40.735334,-94.244251
2018,IA,RINGGOLD,159,CORN,YIELD,153.3,BU / ACRE,19,159,19159,40.735334,-94.244251
2017,IA,RINGGOLD,159,CORN,YIELD,167.8,BU / ACRE,19,159,19159,40.735334,-94.244251
2016,IA,RINGGOLD,159,CORN,YIELD,179.5,BU / ACRE,19,159,19159,40.735334,-94.244251
2023,IA,UNION,175,CORN,YIELD,217.0,BU / ACRE,19,175,19175,41.02855,-94.245091
2022,IA,UNION,175,CORN,YIELD,149.4,BU / ACRE,19,175,19175,41.02855,-94.245091
2021,IA,UNION,175,CORN,YIELD,185.2,BU / ACRE,19,175,19175,41.02855,-94.245091
2020,IA,UNION,175,CORN,YIELD,179.7,BU / ACRE,19,175,19175,41.02855,-94.245091
2019,IA,UNION,175,CORN,YIELD,168.9,BU / ACRE,19,175,19175,41.02855,-94.245091
2018,IA,UNION,175,CORN,YIELD,155.8,BU / ACRE,19,175,19175,41.02855,-94.245091
2017,IA,UNION,175,CORN,YIELD,147.9,BU / ACRE,19,175,19175,41.02855,-94.245091
2016,IA,UNION,175,CORN,YIELD,183.0,BU / ACRE,19,175,19175,41.02855,-94.245091
2023,IA,WARREN,181,CORN,YIELD,199.2,BU / ACRE,19,181,19181,41.332446,-93.568751
2022,IA,WARREN,181,CORN,YIELD,157.8,BU / ACRE,19,181,19181,41.332446,-93.568751
2020,IA,WARREN,181,CORN,YIELD,168.0,BU / ACRE,19,181,19181,41.332446,-93.568751
2018,IA,WARREN,181,CORN,YIELD,163.6,BU / ACRE,19,181,19181,41.332446,-93.568751
2017,IA,WARREN,181,CORN,YIELD,183.2,BU / ACRE,19,181,19181,41.332446,-93.568751
2016,IA,WARREN,181,CORN,YIELD,184.6,BU / ACRE,19,181,19181,41.332446,-93.568751
2024,IA,WAYNE,185,CORN,YIELD,194.8,BU / ACRE,19,185,19185,40.739983,-93.332613
2022,IA,WAYNE,185,CORN,YIELD,170.1,BU / ACRE,19,185,19185,40.739983,-93.332613
2021,IA,WAYNE,185,CORN,YIELD,177.0,BU / ACRE,19,185,19185,40.739983,-93.332613
2020,IA,WAYNE,185,CORN,YIELD,168.8,BU / ACRE,19,185,19185,40.739983,-93.332613
2019,IA,WAYNE,185,CORN,YIELD,151.4,BU / ACRE,19,185,19185,40.739983,-93.332613
2018,IA,WAYNE,185,CORN,YIELD,171.6,BU / ACRE,19,185,19185,40.739983,-93.332613
2016,IA,WAYNE,185,CORN,YIELD,174.5,BU / ACRE,19,185,19185,40.739983,-93.332613
2024,IA,DAVIS,51,CORN,YIELD,194.9,BU / ACRE,19,051,19051,40.748089,-92.410345
2023,IA,DAVIS,51,CORN,YIELD,179.8,BU / ACRE,19,051,19051,40.748089,-92.410345
2022,IA,DAVIS,51,CORN,YIELD,154.9,BU / ACRE,19,051,19051,40.748089,-92.410345
2021,IA,DAVIS,51,CORN,YIELD,152.5,BU / ACRE,19,051,19051,40.748089,-92.410345
2020,IA,DAVIS,51,CORN,YIELD,170.0,BU / ACRE,19,051,19051,40.748089,-92.410345
2019,IA,DAVIS,51,CORN,YIELD,160.0,BU / ACRE,19,051,19051,40.748089,-92.410345
2017,IA,DAVIS,51,CORN,YIELD,107.3,BU / ACRE,19,051,19051,40.748089,-92.410345
2016,IA,DAVIS,51,CORN,YIELD,188.7,BU / ACRE,19,051,19051,40.748089,-92.410345
2024,IA,DES MOINES,57,CORN,YIELD,221.8,BU / ACRE,19,057,19057,40.915339,-91.186925
2023,IA,DES MOINES,57,CORN,YIELD,207.9,BU / ACRE,19,057,19057,40.915339,-91.186925
2022,IA,DES MOINES,57,CORN,YIELD,194.8,BU / ACRE,19,057,19057,40.915339,-91.186925
2020,IA,DES MOINES,57,CORN,YIELD,190.2,BU / ACRE,19,057,19057,40.915339,-91.186925
2019,IA,DES MOINES,57,CORN,YIELD,176.9,BU / ACRE,19,057,19057,40.915339,-91.186925
2018,IA,DES MOINES,57,CORN,YIELD,195.4,BU / ACRE,19,057,19057,40.915339,-91.186925
2017,IA,DES MOINES,57,CORN,YIELD,200.1,BU / ACRE,19,057,19057,40.915339,-91.186925
2016,IA,DES MOINES,57,CORN,YIELD,210.0,BU / ACRE,19,057,19057,40.915339,-91.186925
2024,IA,HENRY,87,CORN,YIELD,213.7,BU / ACRE,19,087,19087,40.984802,-91.547259
2023,IA,HENRY,87,CORN,YIELD,195.1,BU / ACRE,19,087,19087,40.984802,-91.547259
2022,IA,HENRY,87,CORN,YIELD,167.7,BU / ACRE,19,087,19087,40.984802,-91.547259
2021,IA,HENRY,87,CORN,YIELD,167.7,BU / ACRE,19,087,19087,40.984802,-91.547259
2020,IA,HENRY,87,CORN,YIELD,172.0,BU / ACRE,19,087,19087,40.984802,-91.547259
2019,IA,HENRY,87,CORN,YIELD,164.5,BU / ACRE,19,087,19087,40.984802,-91.547259
2018,IA,HENRY,87,CORN,YIELD,189.7,BU / ACRE,19,087,19087,40.984802,-91.547259
2017,IA,HENRY,87,CORN,YIELD,196.4,BU / ACRE,19,087,19087,40.984802,-91.547259
2016,IA,HENRY,87,CORN,YIELD,199.0,BU / ACRE,19,087,19087,40.984802,-91.547259
2024,IA,JEFFERSON,101,CORN,YIELD,203.7,BU / ACRE,19,101,19101,41.005888,-91.966634
2023,IA,JEFFERSON,101,CORN,YIELD,195.1,BU / ACRE,19,101,19101,41.005888,-91.966634
2022,IA,JEFFERSON,101,CORN,YIELD,178.0,BU / ACRE,19,101,19101,41.005888,-91.966634
2021,IA,JEFFERSON,101,CORN,YIELD,163.3,BU / ACRE,19,101,19101,41.005888,-91.966634
2020,IA,JEFFERSON,101,CORN,YIELD,167.3,BU / ACRE,19,101,19101,41.005888,-91.966634
2019,IA,JEFFERSON,101,CORN,YIELD,162.7,BU / ACRE,19,101,19101,41.005888,-91.966634
2018,IA,JEFFERSON,101,CORN,YIELD,198.8,BU / ACRE,19,101,19101,41.005888,-91.966634
2017,IA,JEFFERSON,101,CORN,YIELD,165.5,BU / ACRE,19,101,19101,41.005888,-91.966634
2016,IA,JEFFERSON,101,CORN,YIELD,197.0,BU / ACRE,19,101,19101,41.005888,-91.966634
2023,IA,KEOKUK,107,CORN,YIELD,211.6,BU / ACRE,19,107,19107,41.331182,-92.167721
2022,IA,KEOKUK,107,CORN,YIELD,170.4,BU / ACRE,19,107,19107,41.331182,-92.167721
2021,IA,KEOKUK,107,CORN,YIELD,176.5,BU / ACRE,19,107,19107,41.331182,-92.167721
2020,IA,KEOKUK,107,CORN,YIELD,163.5,BU / ACRE,19,107,19107,41.331182,-92.167721
2019,IA,KEOKUK,107,CORN,YIELD,175.4,BU / ACRE,19,107,19107,41.331182,-92.167721
2018,IA,KEOKUK,107,CORN,YIELD,203.7,BU / ACRE,19,107,19107,41.331182,-92.167721
2017,IA,KEOKUK,107,CORN,YIELD,176.4,BU / ACRE,19,107,19107,41.331182,-92.167721
2016,IA,KEOKUK,107,CORN,YIELD,208.6,BU / ACRE,19,107,19107,41.331182,-92.167721
2024,IA,LEE,111,CORN,YIELD,223.3,BU / ACRE,19,111,19111,40.647588,-91.477157
2023,IA,LEE,111,CORN,YIELD,203.7,BU / ACRE,19,111,19111,40.647588,-91.477157
2022,IA,LEE,111,CORN,YIELD,178.2,BU / ACRE,19,111,19111,40.647588,-91.477157
2021,IA,LEE,111,CORN,YIELD,160.4,BU / ACRE,19,111,19111,40.647588,-91.477157
2020,IA,LEE,111,CORN,YIELD,174.3,BU / ACRE,19,111,19111,40.647588,-91.477157
2019,IA,LEE,111,CORN,YIELD,172.5,BU / ACRE,19,111,19111,40.647588,-91.477157
2018,IA,LEE,111,CORN,YIELD,201.3,BU / ACRE,19,111,19111,40.647588,-91.477157
2017,IA,LEE,111,CORN,YIELD,178.0,BU / ACRE,19,111,19111,40.647588,-91.477157
2016,IA,LEE,111,CORN,YIELD,194.6,BU / ACRE,19,111,19111,40.647588,-91.477157
2024,IA,LOUISA,115,CORN,YIELD,214.5,BU / ACRE,19,115,19115,41.218211,-91.256994
2022,IA,LOUISA,115,CORN,YIELD,196.3,BU / ACRE,19,115,19115,41.218211,-91.256994
2021,IA,LOUISA,115,CORN,YIELD,189.5,BU / ACRE,19,115,19115,41.218211,-91.256994
2020,IA,LOUISA,115,CORN,YIELD,181.6,BU / ACRE,19,115,19115,41.218211,-91.256994
2019,IA,LOUISA,115,CORN,YIELD,174.6,BU / ACRE,19,115,19115,41.218211,-91.256994
2018,IA,LOUISA,115,CORN,YIELD,196.5,BU / ACRE,19,115,19115,41.218211,-91.256994
2017,IA,LOUISA,115,CORN,YIELD,216.6,BU / ACRE,19,115,19115,41.218211,-91.256994
2016,IA,LOUISA,115,CORN,YIELD,200.2,BU / ACRE,19,115,19115,41.218211,-91.256994
2024,IA,MAHASKA,123,CORN,YIELD,222.9,BU / ACRE,19,123,19123,41.330797,-92.636366
2023,IA,MAHASKA,123,CORN,YIELD,214.9,BU / ACRE,19,123,19123,41.330797,-92.636366
2022,IA,MAHASKA,123,CORN,YIELD,186.3,BU / ACRE,19,123,19123,41.330797,-92.636366
2021,IA,MAHASKA,123,CORN,YIELD,200.5,BU / ACRE,19,123,19123,41.330797,-92.636366
2020,IA,MAHASKA,123,CORN,YIELD,180.8,BU / ACRE,19,123,19123,41.330797,-92.636366
2019,IA,MAHASKA,123,CORN,YIELD,189.9,BU / ACRE,19,123,19123,41.330797,-92.636366
2018,IA,MAHASKA,123,CORN,YIELD,207.7,BU / ACRE,19,123,19123,41.330797,-92.636366
2017,IA,MAHASKA,123,CORN,YIELD,177.2,BU / ACRE,19,123,19123,41.330797,-92.636366
2016,IA,MAHASKA,123,CORN,YIELD,204.7,BU / ACRE,19,123,19123,41.330797,-92.636366
2023,IA,VAN BUREN,177,CORN,YIELD,189.3,BU / ACRE,19,177,19177,40.754117,-91.952943
2022,IA,VAN BUREN,177,CORN,YIELD,151.9,BU / ACRE,19,177,19177,40.754117,-91.952943
2021,IA,VAN BUREN,177,CORN,YIELD,162.5,BU / ACRE,19,177,19177,40.754117,-91.952943
2020,IA,VAN BUREN,177,CORN,YIELD,153.5,BU / ACRE,19,177,19177,40.754117,-91.952943
2019,IA,VAN BUREN,177,CORN,YIELD,171.0,BU / ACRE,19,177,19177,40.754117,-91.952943
2018,IA,VAN BUREN,177,CORN,YIELD,180.9,BU / ACRE,19,177,19177,40.754117,-91.952943
2017,IA,VAN BUREN,177,CORN,YIELD,128.2,BU / ACRE,19,177,19177,40.754117,-91.952943
2016,IA,VAN BUREN,177,CORN,YIELD,189.0,BU / ACRE,19,177,19177,40.754117,-91.952943
2023,IA,WAPELLO,179,CORN,YIELD,202.9,BU / ACRE,19,179,19179,41.031275,-92.409466
2022,IA,WAPELLO,179,CORN,YIELD,170.8,BU / ACRE,19,179,19179,41.031275,-92.409466
2021,IA,WAPELLO,179,CORN,YIELD,178.0,BU / ACRE,19,179,19179,41.031275,-92.409466
2020,IA,WAPELLO,179,CORN,YIELD,170.6,BU / ACRE,19,179,19179,41.031275,-92.409466
2019,IA,WAPELLO,179,CORN,YIELD,176.5,BU / ACRE,19,179,19179,41.031275,-92.409466
2017,IA,WAPELLO,179,CORN,YIELD,153.0,BU / ACRE,19,179,19179,41.031275,-92.409466
2016,IA,WAPELLO,179,CORN,YIELD,196.9,BU / ACRE,19,179,19179,41.031275,-92.409466
2023,IA,WASHINGTON,183,CORN,YIELD,188.3,BU / ACRE,19,183,19183,41.329401,-91.725052
2022,IA,WASHINGTON,183,CORN,YIELD,185.7,BU / ACRE,19,183,19183,41.329401,-91.725052
2020,IA,WASHINGTON,183,CORN,YIELD,185.4,BU / ACRE,19,183,19183,41.329401,-91.725052
2019,IA,WASHINGTON,183,CORN,YIELD,178.9,BU / ACRE,19,183,19183,41.329401,-91.725052
2018,IA,WASHINGTON,183,CORN,YIELD,214.3,BU / ACRE,19,183,19183,41.329401,-91.725052
2017,IA,WASHINGTON,183,CORN,YIELD,220.4,BU / ACRE,19,183,19183,41.329401,-91.725052
2016,IA,WASHINGTON,183,CORN,YIELD,208.2,BU / ACRE,19,183,19183,41.329401,-91.725052
