year,state_alpha,county_name,county_code,commodity_desc,statisticcat_desc,Value,unit_desc
2019,IA,OTHER (COMBINED) COUNTIES,998,CORN,YIELD,191.2,BU / ACRE
2023,IA,BUENA VISTA,021,CORN,YIELD,212.0,BU / ACRE
2022,IA,BUENA VISTA,021,CORN,YIELD,196.9,BU / ACRE
2021,IA,BUENA VISTA,021,CORN,YIELD,203.9,BU / ACRE
2020,IA,BUENA VISTA,021,CORN,YIELD,183.9,BU / ACRE
2019,IA,BUENA VISTA,021,CORN,YIELD,190.8,BU / ACRE
2018,IA,BUENA VISTA,021,CORN,YIELD,193.1,BU / ACRE
2017,IA,BUENA VISTA,021,CORN,YIELD,187.9,BU / ACRE
2016,IA,BUENA VISTA,021,CORN,YIELD,201.1,BU / ACRE
2024,IA,CHEROKEE,035,CORN,YIELD,207.1,BU / ACRE
2023,IA,CHEROKEE,035,CORN,YIELD,211.7,BU / ACRE
2022,IA,CHEROKEE,035,CORN,YIELD,198.7,BU / ACRE
2020,IA,CHEROKEE,035,CORN,YIELD,185.7,BU / ACRE
2019,IA,CHEROKEE,035,CORN,YIELD,208.9,BU / ACRE
2018,IA,CHEROKEE,035,CORN,YIELD,213.3,BU / ACRE
2017,IA,CHEROKEE,035,CORN,YIELD,203.7,BU / ACRE
2016,IA,CHEROKEE,035,CORN,YIELD,219.7,BU / ACRE
2024,IA,CLAY,041,CORN,YIELD,176.1,BU / ACRE
2023,IA,CLAY,041,CORN,YIELD,203.9,BU / ACRE
2022,IA,CLAY,041,CORN,YIELD,191.4,BU / ACRE
2021,IA,CLAY,041,CORN,YIELD,203.3,BU / ACRE
2020,IA,CLAY,041,CORN,YIELD,168.1,BU / ACRE
2019,IA,CLAY,041,CORN,YIELD,185.5,BU / ACRE
2018,IA,CLAY,041,CORN,YIELD,158.5,BU / ACRE
2017,IA,CLAY,041,CORN,YIELD,197.3,BU / ACRE
2016,IA,CLAY,041,CORN,YIELD,202.0,BU / ACRE
2024,IA,DICKINSON,059,CORN,YIELD,160.8,BU / ACRE
2023,IA,DICKINSON,059,CORN,YIELD,201.3,BU / ACRE
2022,IA,DICKINSON,059,CORN,YIELD,203.4,BU / ACRE
2021,IA,DICKINSON,059,CORN,YIELD,177.7,BU / ACRE
2020,IA,DICKINSON,059,CORN,YIELD,182.2,BU / ACRE
2019,IA,DICKINSON,059,CORN,YIELD,170.0,BU / ACRE
2018,IA,DICKINSON,059,CORN,YIELD,160.4,BU / ACRE
2017,IA,DICKINSON,059,CORN,YIELD,196.2,BU / ACRE
2016,IA,DICKINSON,059,CORN,YIELD,188.0,BU / ACRE
2022,IA,EMMET,063,CORN,YIELD,213.6,BU / ACRE
2021,IA,EMMET,063,CORN,YIELD,182.5,BU / ACRE
2020,IA,EMMET,063,CORN,YIELD,186.1,BU / ACRE
2018,IA,EMMET,063,CORN,YIELD,155.8,BU / ACRE
2017,IA,EMMET,063,CORN,YIELD,210.1,BU / ACRE
2016,IA,EMMET,063,CORN,YIELD,198.5,BU / ACRE
2024,IA,LYON,119,CORN,YIELD,198.8,BU / ACRE
2023,IA,LYON,119,CORN,YIELD,200.2,BU / ACRE
2022,IA,LYON,119,CORN,YIELD,190.8,BU / ACRE
2021,IA,LYON,119,CORN,YIELD,216.7,BU / ACRE
2020,IA,LYON,119,CORN,YIELD,197.0,BU / ACRE
2019,IA,LYON,119,CORN,YIELD,186.5,BU / ACRE
2018,IA,LYON,119,CORN,YIELD,193.0,BU / ACRE
2017,IA,LYON,119,CORN,YIELD,218.9,BU / ACRE
2016,IA,LYON,119,CORN,YIELD,206.9,BU / ACRE
2024,IA,O BRIEN,141,CORN,YIELD,199.0,BU / ACRE
2023,IA,O BRIEN,141,CORN,YIELD,212.7,BU / ACRE
2022,IA,O BRIEN,141,CORN,YIELD,201.1,BU / ACRE
2021,IA,O BRIEN,141,CORN,YIELD,213.5,BU / ACRE
2020,IA,O BRIEN,141,CORN,YIELD,199.5,BU / ACRE
2019,IA,O BRIEN,141,CORN,YIELD,204.9,BU / ACRE
2018,IA,O BRIEN,141,CORN,YIELD,201.6,BU / ACRE
2017,IA,O BRIEN,141,CORN,YIELD,213.8,BU / ACRE
2016,IA,O BRIEN,141,CORN,YIELD,210.7,BU / ACRE
2023,IA,OSCEOLA,143,CORN,YIELD,203.7,BU / ACRE
2022,IA,OSCEOLA,143,CORN,YIELD,197.5,BU / ACRE
2021,IA,OSCEOLA,143,CORN,YIELD,208.0,BU / ACRE
2020,IA,OSCEOLA,143,CORN,YIELD,185.3,BU / ACRE
2019,IA,OSCEOLA,143,CORN,YIELD,182.5,BU / ACRE
2018,IA,OSCEOLA,143,CORN,YIELD,180.2,BU / ACRE
2017,IA,OSCEOLA,143,CORN,YIELD,211.6,BU / ACRE
2016,IA,OSCEOLA,143,CORN,YIELD,203.7,BU / ACRE
2024,IA,PALO ALTO,147,CORN,YIELD,182.3,BU / ACRE
2023,IA,PALO ALTO,147,CORN,YIELD,211.7,BU / ACRE
2022,IA,PALO ALTO,147,CORN,YIELD,195.8,BU / ACRE
2021,IA,PALO ALTO,147,CORN,YIELD,190.1,BU / ACRE
2020,IA,PALO ALTO,147,CORN,YIELD,181.1,BU / ACRE
2019,IA,PALO ALTO,147,CORN,YIELD,198.3,BU / ACRE
2018,IA,PALO ALTO,147,CORN,YIELD,157.9,BU / ACRE
2017,IA,PALO ALTO,147,CORN,YIELD,195.4,BU / ACRE
2016,IA,PALO ALTO,147,CORN,YIELD,196.0,BU / ACRE
2024,IA,PLYMOUTH,149,CORN,YIELD,195.6,BU / ACRE
2023,IA,PLYMOUTH,149,CORN,YIELD,205.7,BU / ACRE
2022,IA,PLYMOUTH,149,CORN,YIELD,171.8,BU / ACRE
2021,IA,PLYMOUTH,149,CORN,YIELD,190.9,BU / ACRE
2019,IA,PLYMOUTH,149,CORN,YIELD,217.8,BU / ACRE
2018,IA,PLYMOUTH,149,CORN,YIELD,213.8,BU / ACRE
2017,IA,PLYMOUTH,149,CORN,YIELD,193.0,BU / ACRE
2016,IA,PLYMOUTH,149,CORN,YIELD,209.2,BU / ACRE
2024,IA,POCAHONTAS,151,CORN,YIELD,203.0,BU / ACRE
2023,IA,POCAHONTAS,151,CORN,YIELD,218.1,BU / ACRE
2022,IA,POCAHONTAS,151,CORN,YIELD,198.2,BU / ACRE
2021,IA,POCAHONTAS,151,CORN,YIELD,213.9,BU / ACRE
2020,IA,POCAHONTAS,151,CORN,YIELD,186.2,BU / ACRE
2018,IA,POCAHONTAS,151,CORN,YIELD,179.2,BU / ACRE
2017,IA,POCAHONTAS,151,CORN,YIELD,190.9,BU / ACRE
2016,IA,POCAHONTAS,151,CORN,YIELD,206.8,BU / ACRE
2023,IA,SIOUX,167,CORN,YIELD,211.4,BU / ACRE
2022,IA,SIOUX,167,CORN,YIELD,196.6,BU / ACRE
2021,IA,SIOUX,167,CORN,YIELD,220.6,BU / ACRE
2020,IA,SIOUX,167,CORN,YIELD,201.8,BU / ACRE
2019,IA,SIOUX,167,CORN,YIELD,192.1,BU / ACRE
2018,IA,SIOUX,167,CORN,YIELD,211.9,BU / ACRE
2017,IA,SIOUX,167,CORN,YIELD,220.7,BU / ACRE
2016,IA,SIOUX,167,CORN,YIELD,212.2,BU / ACRE
2024,IA,BUTLER,023,CORN,YIELD,209.8,BU / ACRE
2023,IA,BUTLER,023,CORN,YIELD,183.1,BU / ACRE
2022,IA,BUTLER,023,CORN,YIELD,212.4,BU / ACRE
2021,IA,BUTLER,023,CORN,YIELD,204.5,BU / ACRE
2020,IA,BUTLER,023,CORN,YIELD,192.8,BU / ACRE
2019,IA,BUTLER,023,CORN,YIELD,209.5,BU / ACRE
2018,IA,BUTLER,023,CORN,YIELD,211.3,BU / ACRE
2017,IA,BUTLER,023,CORN,YIELD,211.4,BU / ACRE
2016,IA,BUTLER,023,CORN,YIELD,207.3,BU / ACRE
2024,IA,CERRO GORDO,033,CORN,YIELD,199.7,BU / ACRE
2022,IA,CERRO GORDO,033,CORN,YIELD,216.9,BU / ACRE
2021,IA,CERRO GORDO,033,CORN,YIELD,200.0,BU / ACRE
2020,IA,CERRO GORDO,033,CORN,YIELD,182.5,BU / ACRE
2019,IA,CERRO GORDO,033,CORN,YIELD,191.8,BU / ACRE
2018,IA,CERRO GORDO,033,CORN,YIELD,184.4,BU / ACRE
2017,IA,CERRO GORDO,033,CORN,YIELD,208.9,BU / ACRE
2016,IA,CERRO GORDO,033,CORN,YIELD,193.6,BU / ACRE
2024,IA,FLOYD,067,CORN,YIELD,210.1,BU / ACRE
2023,IA,FLOYD,067,CORN,YIELD,191.8,BU / ACRE
2022,IA,FLOYD,067,CORN,YIELD,204.6,BU / ACRE
2021,IA,FLOYD,067,CORN,YIELD,204.4,BU / ACRE
2020,IA,FLOYD,067,CORN,YIELD,187.4,BU / ACRE
2019,IA,FLOYD,067,CORN,YIELD,202.9,BU / ACRE
2018,IA,FLOYD,067,CORN,YIELD,184.4,BU / ACRE
2017,IA,FLOYD,067,CORN,YIELD,203.4,BU / ACRE
2016,IA,FLOYD,067,CORN,YIELD,196.3,BU / ACRE
2024,IA,FRANKLIN,069,CORN,YIELD,204.9,BU / ACRE
2023,IA,FRANKLIN,069,CORN,YIELD,210.5,BU / ACRE
2022,IA,FRANKLIN,069,CORN,YIELD,220.1,BU / ACRE
2021,IA,FRANKLIN,069,CORN,YIELD,198.9,BU / ACRE
2020,IA,FRANKLIN,069,CORN,YIELD,180.1,BU / ACRE
2019,IA,FRANKLIN,069,CORN,YIELD,202.7,BU / ACRE
2018,IA,FRANKLIN,069,CORN,YIELD,204.3,BU / ACRE
2017,IA,FRANKLIN,069,CORN,YIELD,206.1,BU / ACRE
2016,IA,FRANKLIN,069,CORN,YIELD,204.8,BU / ACRE
2024,IA,HANCOCK,081,CORN,YIELD,203.1,BU / ACRE
2023,IA,HANCOCK,081,CORN,YIELD,204.9,BU / ACRE
2022,IA,HANCOCK,081,CORN,YIELD,211.5,BU / ACRE
2021,IA,HANCOCK,081,CORN,YIELD,209.8,BU / ACRE
2020,IA,HANCOCK,081,CORN,YIELD,200.0,BU / ACRE
2019,IA,HANCOCK,081,CORN,YIELD,193.3,BU / ACRE
2018,IA,HANCOCK,081,CORN,YIELD,176.7,BU / ACRE
2017,IA,HANCOCK,081,CORN,YIELD,200.2,BU / ACRE
2016,IA,HANCOCK,081,CORN,YIELD,200.3,BU / ACRE
2024,IA,HUMBOLDT,091,CORN,YIELD,205.7,BU / ACRE
2023,IA,HUMBOLDT,091,CORN,YIELD,205.8,BU / ACRE
2022,IA,HUMBOLDT,091,CORN,YIELD,195.5,BU / ACRE
2021,IA,HUMBOLDT,091,CORN,YIELD,205.4,BU / ACRE
2020,IA,HUMBOLDT,091,CORN,YIELD,188.4,BU / ACRE
2019,IA,HUMBOLDT,091,CORN,YIELD,198.7,BU / ACRE
2018,IA,HUMBOLDT,091,CORN,YIELD,162.3,BU / ACRE
2017,IA,HUMBOLDT,091,CORN,YIELD,200.9,BU / ACRE
2016,IA,HUMBOLDT,091,CORN,YIELD,206.1,BU / ACRE
2022,IA,KOSSUTH,109,CORN,YIELD,196.8,BU / ACRE
2021,IA,KOSSUTH,109,CORN,YIELD,190.7,BU / ACRE
2020,IA,KOSSUTH,109,CORN,YIELD,190.7,BU / ACRE
2019,IA,KOSSUTH,109,CORN,YIELD,198.7,BU / ACRE
2018,IA,KOSSUTH,109,CORN,YIELD,180.2,BU / ACRE
2017,IA,KOSSUTH,109,CORN,YIELD,205.6,BU / ACRE
2016,IA,KOSSUTH,109,CORN,YIELD,204.7,BU / ACRE
2024,IA,MITCHELL,131,CORN,YIELD,212.8,BU / ACRE
2023,IA,MITCHELL,131,CORN,YIELD,171.8,BU / ACRE
2022,IA,MITCHELL,131,CORN,YIELD,217.9,BU / ACRE
2021,IA,MITCHELL,131,CORN,YIELD,203.3,BU / ACRE
2020,IA,MITCHELL,131,CORN,YIELD,203.3,BU / ACRE
2019,IA,MITCHELL,131,CORN,YIELD,194.5,BU / ACRE
2018,IA,MITCHELL,131,CORN,YIELD,193.3,BU / ACRE
2017,IA,MITCHELL,131,CORN,YIELD,213.4,BU / ACRE
2016,IA,MITCHELL,131,CORN,YIELD,199.1,BU / ACRE
2024,IA,WINNEBAGO,189,CORN,YIELD,182.6,BU / ACRE
2023,IA,WINNEBAGO,189,CORN,YIELD,211.3,BU / ACRE
2022,IA,WINNEBAGO,189,CORN,YIELD,217.5,BU / ACRE
2021,IA,WINNEBAGO,189,CORN,YIELD,197.6,BU / ACRE
2020,IA,WINNEBAGO,189,CORN,YIELD,207.1,BU / ACRE
2019,IA,WINNEBAGO,189,CORN,YIELD,198.8,BU / ACRE
2018,IA,WINNEBAGO,189,CORN,YIELD,180.8,BU / ACRE
2017,IA,WINNEBAGO,189,CORN,YIELD,210.7,BU / ACRE
2016,IA,WINNEBAGO,189,CORN,YIELD,197.9,BU / ACRE
2024,IA,WORTH,195,CORN,YIELD,198.6,BU / ACRE
2023,IA,WORTH,195,CORN,YIELD,187.6,BU / ACRE
2022,IA,WORTH,195,CORN,YIELD,219.4,BU / ACRE
2021,IA,WORTH,195,CORN,YIELD,207.4,BU / ACRE
2020,IA,WORTH,195,CORN,YIELD,205.7,BU / ACRE
2019,IA,WORTH,195,CORN,YIELD,196.5,BU / ACRE
2018,IA,WORTH,195,CORN,YIELD,180.0,BU / ACRE
2017,IA,WORTH,195,CORN,YIELD,198.5,BU / ACRE
2016,IA,WORTH,195,CORN,YIELD,191.5,BU / ACRE
2023,IA,WRIGHT,197,CORN,YIELD,202.5,BU / ACRE
2022,IA,WRIGHT,197,CORN,YIELD,209.7,BU / ACRE
2021,IA,WRIGHT,197,CORN,YIELD,192.2,BU / ACRE
2020,IA,WRIGHT,197,CORN,YIELD,186.0,BU / ACRE
2019,IA,WRIGHT,197,CORN,YIELD,197.0,BU / ACRE
2018,IA,WRIGHT,197,CORN,YIELD,180.5,BU / ACRE
2017,IA,WRIGHT,197,CORN,YIELD,206.9,BU / ACRE
2016,IA,WRIGHT,197,CORN,YIELD,200.2,BU / ACRE
2024,IA,ALLAMAKEE,005,CORN,YIELD,216.3,BU / ACRE
2023,IA,ALLAMAKEE,005,CORN,YIELD,183.9,BU / ACRE
2022,IA,ALLAMAKEE,005,CORN,YIELD,215.9,BU / ACRE
2021,IA,ALLAMAKEE,005,CORN,YIELD,198.5,BU / ACRE
2020,IA,ALLAMAKEE,005,CORN,YIELD,196.3,BU / ACRE
2019,IA,ALLAMAKEE,005,CORN,YIELD,187.2,BU / ACRE
2018,IA,ALLAMAKEE,005,CORN,YIELD,198.4,BU / ACRE
2017,IA,ALLAMAKEE,005,CORN,YIELD,190.5,BU / ACRE
2016,IA,ALLAMAKEE,005,CORN,YIELD,205.1,BU / ACRE
2024,IA,BLACK HAWK,013,CORN,YIELD,205.9,BU / ACRE
2022,IA,BLACK HAWK,013,CORN,YIELD,202.4,BU / ACRE
2021,IA,BLACK HAWK,013,CORN,YIELD,193.6,BU / ACRE
2020,IA,BLACK HAWK,013,CORN,YIELD,169.8,BU / ACRE
2019,IA,BLACK HAWK,013,CORN,YIELD,205.1,BU / ACRE
2018,IA,BLACK HAWK,013,CORN,YIELD,206.2,BU / ACRE
2017,IA,BLACK HAWK,013,CORN,YIELD,209.2,BU / ACRE
2016,IA,BLACK HAWK,013,CORN,YIELD,206.4,BU / ACRE
2024,IA,BREMER,017,CORN,YIELD,205.9,BU / ACRE
2023,IA,BREMER,017,CORN,YIELD,199.9,BU / ACRE
2022,IA,BREMER,017,CORN,YIELD,210.8,BU / ACRE
2021,IA,BREMER,017,CORN,YIELD,200.1,BU / ACRE
2020,IA,BREMER,017,CORN,YIELD,187.6,BU / ACRE
2019,IA,BREMER,017,CORN,YIELD,212.5,BU / ACRE
2018,IA,BREMER,017,CORN,YIELD,212.4,BU / ACRE
2017,IA,BREMER,017,CORN,YIELD,212.7,BU / ACRE
2016,IA,BREMER,017,CORN,YIELD,210.6,BU / ACRE
2024,IA,BUCHANAN,019,CORN,YIELD,220.8,BU / ACRE
2023,IA,BUCHANAN,019,CORN,YIELD,190.7,BU / ACRE
2022,IA,BUCHANAN,019,CORN,YIELD,209.7,BU / ACRE
2021,IA,BUCHANAN,019,CORN,YIELD,209.0,BU / ACRE
2020,IA,BUCHANAN,019,CORN,YIELD,188.3,BU / ACRE
2019,IA,BUCHANAN,019,CORN,YIELD,218.9,BU / ACRE
2018,IA,BUCHANAN,019,CORN,YIELD,207.1,BU / ACRE
2017,IA,BUCHANAN,019,CORN,YIELD,221.3,BU / ACRE
2016,IA,BUCHANAN,019,CORN,YIELD,205.6,BU / ACRE
2024,IA,CHICKASAW,037,CORN,YIELD,206.5,BU / ACRE
2023,IA,CHICKASAW,037,CORN,YIELD,198.9,BU / ACRE
2022,IA,CHICKASAW,037,CORN,YIELD,214.6,BU / ACRE
2021,IA,CHICKASAW,037,CORN,YIELD,208.2,BU / ACRE
2020,IA,CHICKASAW,037,CORN,YIELD,185.7,BU / ACRE
2019,IA,CHICKASAW,037,CORN,YIELD,212.1,BU / ACRE
2018,IA,CHICKASAW,037,CORN,YIELD,192.9,BU / ACRE
2017,IA,CHICKASAW,037,CORN,YIELD,194.4,BU / ACRE
2016,IA,CHICKASAW,037,CORN,YIELD,206.6,BU / ACRE
2024,IA,CLAYTON,043,CORN,YIELD,220.2,BU / ACRE
2023,IA,CLAYTON,043,CORN,YIELD,201.1,BU / ACRE
2022,IA,CLAYTON,043,CORN,YIELD,215.4,BU / ACRE
2021,IA,CLAYTON,043,CORN,YIELD,195.3,BU / ACRE
2020,IA,CLAYTON,043,CORN,YIELD,191.1,BU / ACRE
2019,IA,CLAYTON,043,CORN,YIELD,197.5,BU / ACRE
2018,IA,CLAYTON,043,CORN,YIELD,201.5,BU / ACRE
2017,IA,CLAYTON,043,CORN,YIELD,213.6,BU / ACRE
2016,IA,CLAYTON,043,CORN,YIELD,210.3,BU / ACRE
2024,IA,DELAWARE,055,CORN,YIELD,219.5,BU / ACRE
2023,IA,DELAWARE,055,CORN,YIELD,198.9,BU / ACRE
2022,IA,DELAWARE,055,CORN,YIELD,230.8,BU / ACRE
2021,IA,DELAWARE,055,CORN,YIELD,218.0,BU / ACRE
2020,IA,DELAWARE,055,CORN,YIELD,190.4,BU / ACRE
2019,IA,DELAWARE,055,CORN,YIELD,204.5,BU / ACRE
2018,IA,DELAWARE,055,CORN,YIELD,224.8,BU / ACRE
2017,IA,DELAWARE,055,CORN,YIELD,218.0,BU / ACRE
2016,IA,DELAWARE,055,CORN,YIELD,202.3,BU / ACRE
2024,IA,DUBUQUE,061,CORN,YIELD,221.7,BU / ACRE
2023,IA,DUBUQUE,061,CORN,YIELD,199.5,BU / ACRE
2022,IA,DUBUQUE,061,CORN,YIELD,223.7,BU / ACRE
2021,IA,DUBUQUE,061,CORN,YIELD,217.2,BU / ACRE
2020,IA,DUBUQUE,061,CORN,YIELD,197.1,BU / ACRE
2019,IA,DUBUQUE,061,CORN,YIELD,216.4,BU / ACRE
2018,IA,DUBUQUE,061,CORN,YIELD,211.8,BU / ACRE
2017,IA,DUBUQUE,061,CORN,YIELD,215.1,BU / ACRE
2016,IA,DUBUQUE,061,CORN,YIELD,211.5,BU / ACRE
2024,IA,FAYETTE,065,CORN,YIELD,201.2,BU / ACRE
2023,IA,FAYETTE,065,CORN,YIELD,205.9,BU / ACRE
2022,IA,FAYETTE,065,CORN,YIELD,209.8,BU / ACRE
2021,IA,FAYETTE,065,CORN,YIELD,205.6,BU / ACRE
2020,IA,FAYETTE,065,CORN,YIELD,180.1,BU / ACRE
2019,IA,FAYETTE,065,CORN,YIELD,200.5,BU / ACRE
2018,IA,FAYETTE,065,CORN,YIELD,200.1,BU / ACRE
2017,IA,FAYETTE,065,CORN,YIELD,207.6,BU / ACRE
2016,IA,FAYETTE,065,CORN,YIELD,202.5,BU / ACRE
2024,IA,HOWARD,089,CORN,YIELD,212.5,BU / ACRE
2023,IA,HOWARD,089,CORN,YIELD,183.9,BU / ACRE
2022,IA,HOWARD,089,CORN,YIELD,217.2,BU / ACRE
2021,IA,HOWARD,089,CORN,YIELD,207.3,BU / ACRE
2020,IA,HOWARD,089,CORN,YIELD,188.6,BU / ACRE
2019,IA,HOWARD,089,CORN,YIELD,194.2,BU / ACRE
2018,IA,HOWARD,089,CORN,YIELD,185.5,BU / ACRE
2017,IA,HOWARD,089,CORN,YIELD,201.7,BU / ACRE
2016,IA,HOWARD,089,CORN,YIELD,202.2,BU / ACRE
2024,IA,WINNESHIEK,191,CORN,YIELD,212.1,BU / ACRE
2023,IA,WINNESHIEK,191,CORN,YIELD,195.3,BU / ACRE
2022,IA,WINNESHIEK,191,CORN,YIELD,212.4,BU / ACRE
2021,IA,WINNESHIEK,191,CORN,YIELD,199.3,BU / ACRE
2020,IA,WINNESHIEK,191,CORN,YIELD,178.2,BU / ACRE
2019,IA,WINNESHIEK,191,CORN,YIELD,200.4,BU / ACRE
2018,IA,WINNESHIEK,191,CORN,YIELD,198.1,BU / ACRE
2017,IA,WINNESHIEK,191,CORN,YIELD,199.7,BU / ACRE
2016,IA,WINNESHIEK,191,CORN,YIELD,210.7,BU / ACRE
2019,IA,OTHER (COMBINED) COUNTIES,998,CORN,YIELD,210.0,BU / ACRE
2024,IA,AUDUBON,009,CORN,YIELD,224.2,BU / ACRE
2023,IA,AUDUBON,009,CORN,YIELD,197.6,BU / ACRE
2022,IA,AUDUBON,009,CORN,YIELD,197.9,BU / ACRE
2021,IA,AUDUBON,009,CORN,YIELD,216.0,BU / ACRE
2020,IA,AUDUBON,009,CORN,YIELD,170.8,BU / ACRE
2019,IA,AUDUBON,009,CORN,YIELD,216.0,BU / ACRE
2018,IA,AUDUBON,009,CORN,YIELD,180.0,BU / ACRE
2017,IA,AUDUBON,009,CORN,YIELD,211.2,BU / ACRE
2016,IA,AUDUBON,009,CORN,YIELD,206.1,BU / ACRE
2024,IA,CALHOUN,025,CORN,YIELD,228.8,BU / ACRE
2023,IA,CALHOUN,025,CORN,YIELD,201.6,BU / ACRE
2022,IA,CALHOUN,025,CORN,YIELD,202.3,BU / ACRE
2021,IA,CALHOUN,025,CORN,YIELD,217.8,BU / ACRE
2020,IA,CALHOUN,025,CORN,YIELD,159.6,BU / ACRE
2019,IA,CALHOUN,025,CORN,YIELD,198.8,BU / ACRE
2018,IA,CALHOUN,025,CORN,YIELD,193.3,BU / ACRE
2017,IA,CALHOUN,025,CORN,YIELD,195.1,BU / ACRE
2016,IA,CALHOUN,025,CORN,YIELD,207.3,BU / ACRE
2024,IA,CARROLL,027,CORN,YIELD,240.9,BU / ACRE
2023,IA,CARROLL,027,CORN,YIELD,196.7,BU / ACRE
2022,IA,CARROLL,027,CORN,YIELD,195.7,BU / ACRE
2021,IA,CARROLL,027,CORN,YIELD,218.3,BU / ACRE
2020,IA,CARROLL,027,CORN,YIELD,150.6,BU / ACRE
2019,IA,CARROLL,027,CORN,YIELD,219.7,BU / ACRE
2018,IA,CARROLL,027,CORN,YIELD,208.4,BU / ACRE
2017,IA,CARROLL,027,CORN,YIELD,211.3,BU / ACRE
2016,IA,CARROLL,027,CORN,YIELD,203.1,BU / ACRE
2024,IA,CRAWFORD,047,CORN,YIELD,214.2,BU / ACRE
2023,IA,CRAWFORD,047,CORN,YIELD,187.9,BU / ACRE
2022,IA,CRAWFORD,047,CORN,YIELD,216.4,BU / ACRE
2021,IA,CRAWFORD,047,CORN,YIELD,218.5,BU / ACRE
2020,IA,CRAWFORD,047,CORN,YIELD,181.2,BU / ACRE
2019,IA,CRAWFORD,047,CORN,YIELD,234.7,BU / ACRE
2018,IA,CRAWFORD,047,CORN,YIELD,214.0,BU / ACRE
2017,IA,CRAWFORD,047,CORN,YIELD,221.9,BU / ACRE
2016,IA,CRAWFORD,047,CORN,YIELD,213.5,BU / ACRE
2024,IA,GREENE,073,CORN,YIELD,223.1,BU / ACRE
2023,IA,GREENE,073,CORN,YIELD,208.0,BU / ACRE
2022,IA,GREENE,073,CORN,YIELD,197.3,BU / ACRE
2021,IA,GREENE,073,CORN,YIELD,220.5,BU / ACRE
2020,IA,GREENE,073,CORN,YIELD,153.8,BU / ACRE
2019,IA,GREENE,073,CORN,YIELD,201.4,BU / ACRE
2018,IA,GREENE,073,CORN,YIELD,201.3,BU / ACRE
2017,IA,GREENE,073,CORN,YIELD,202.2,BU / ACRE
2016,IA,GREENE,073,CORN,YIELD,205.5,BU / ACRE
2022,IA,GUTHRIE,077,CORN,YIELD,193.6,BU / ACRE
2021,IA,GUTHRIE,077,CORN,YIELD,220.0,BU / ACRE
2020,IA,GUTHRIE,077,CORN,YIELD,151.3,BU / ACRE
2019,IA,GUTHRIE,077,CORN,YIELD,196.7,BU / ACRE
2018,IA,GUTHRIE,077,CORN,YIELD,192.2,BU / ACRE
2017,IA,GUTHRIE,077,CORN,YIELD,197.6,BU / ACRE
2016,IA,GUTHRIE,077,CORN,YIELD,198.2,BU / ACRE
2023,IA,HARRISON,085,CORN,YIELD,190.3,BU / ACRE
2022,IA,HARRISON,085,CORN,YIELD,172.4,BU / ACRE
2020,IA,HARRISON,085,CORN,YIELD,180.2,BU / ACRE
2018,IA,HARRISON,085,CORN,YIELD,176.0,BU / ACRE
2017,IA,HARRISON,085,CORN,YIELD,193.2,BU / ACRE
2016,IA,HARRISON,085,CORN,YIELD,204.6,BU / ACRE
2024,IA,IDA,093,CORN,YIELD,221.5,BU / ACRE
2023,IA,IDA,093,CORN,YIELD,198.0,BU / ACRE
2022,IA,IDA,093,CORN,YIELD,221.2,BU / ACRE
2021,IA,IDA,093,CORN,YIELD,226.8,BU / ACRE
2020,IA,IDA,093,CORN,YIELD,188.2,BU / ACRE
2018,IA,IDA,093,CORN,YIELD,222.2,BU / ACRE
2017,IA,IDA,093,CORN,YIELD,215.7,BU / ACRE
2016,IA,IDA,093,CORN,YIELD,216.0,BU / ACRE
2024,IA,MONONA,133,CORN,YIELD,192.0,BU / ACRE
2023,IA,MONONA,133,CORN,YIELD,165.4,BU / ACRE
2022,IA,MONONA,133,CORN,YIELD,168.6,BU / ACRE
2021,IA,MONONA,133,CORN,YIELD,197.7,BU / ACRE
2020,IA,MONONA,133,CORN,YIELD,178.4,BU / ACRE
2019,IA,MONONA,133,CORN,YIELD,203.9,BU / ACRE
2018,IA,MONONA,133,CORN,YIELD,181.4,BU / ACRE
2017,IA,MONONA,133,CORN,YIELD,196.0,BU / ACRE
2016,IA,MONONA,133,CORN,YIELD,184.5,BU / ACRE
2024,IA,SAC,161,CORN,YIELD,229.1,BU / ACRE
2023,IA,SAC,161,CORN,YIELD,199.1,BU / ACRE
2022,IA,SAC,161,CORN,YIELD,212.4,BU / ACRE
2021,IA,SAC,161,CORN,YIELD,231.0,BU / ACRE
2020,IA,SAC,161,CORN,YIELD,161.0,BU / ACRE
2019,IA,SAC,161,CORN,YIELD,220.6,BU / ACRE
2018,IA,SAC,161,CORN,YIELD,213.5,BU / ACRE
2017,IA,SAC,161,CORN,YIELD,194.5,BU / ACRE
2016,IA,SAC,161,CORN,YIELD,214.3,BU / ACRE
2023,IA,SHELBY,165,CORN,YIELD,196.0,BU / ACRE
2022,IA,SHELBY,165,CORN,YIELD,209.0,BU / ACRE
2020,IA,SHELBY,165,CORN,YIELD,190.5,BU / ACRE
2019,IA,SHELBY,165,CORN,YIELD,217.3,BU / ACRE
2018,IA,SHELBY,165,CORN,YIELD,189.1,BU / ACRE
2017,IA,SHELBY,165,CORN,YIELD,207.1,BU / ACRE
2016,IA,SHELBY,165,CORN,YIELD,215.3,BU / ACRE
2024,IA,WOODBURY,193,CORN,YIELD,206.4,BU / ACRE
2023,IA,WOODBURY,193,CORN,YIELD,168.3,BU / ACRE
2022,IA,WOODBURY,193,CORN,YIELD,200.2,BU / ACRE
2021,IA,WOODBURY,193,CORN,YIELD,206.7,BU / ACRE
2020,IA,WOODBURY,193,CORN,YIELD,191.0,BU / ACRE
2019,IA,WOODBURY,193,CORN,YIELD,218.2,BU / ACRE
2018,IA,WOODBURY,193,CORN,YIELD,219.3,BU / ACRE
2017,IA,WOODBURY,193,CORN,YIELD,200.5,BU / ACRE
2016,IA,WOODBURY,193,CORN,YIELD,203.7,BU / ACRE
2024,IA,BOONE,015,CORN,YIELD,217.6,BU / ACRE
2023,IA,BOONE,015,CORN,YIELD,226.5,BU / ACRE
2022,IA,BOONE,015,CORN,YIELD,202.4,BU / ACRE
2021,IA,BOONE,015,CORN,YIELD,208.4,BU / ACRE
2020,IA,BOONE,015,CORN,YIELD,160.7,BU / ACRE
2019,IA,BOONE,015,CORN,YIELD,194.8,BU / ACRE
2018,IA,BOONE,015,CORN,YIELD,193.7,BU / ACRE
2017,IA,BOONE,015,CORN,YIELD,192.4,BU / ACRE
2016,IA,BOONE,015,CORN,YIELD,208.4,BU / ACRE
2023,IA,DALLAS,049,CORN,YIELD,210.9,BU / ACRE
2022,IA,DALLAS,049,CORN,YIELD,187.2,BU / ACRE
2021,IA,DALLAS,049,CORN,YIELD,209.9,BU / ACRE
2020,IA,DALLAS,049,CORN,YIELD,139.7,BU / ACRE
2019,IA,DALLAS,049,CORN,YIELD,195.0,BU / ACRE
2018,IA,DALLAS,049,CORN,YIELD,174.0,BU / ACRE
2017,IA,DALLAS,049,CORN,YIELD,187.2,BU / ACRE
2016,IA,DALLAS,049,CORN,YIELD,204.0,BU / ACRE
2023,IA,GRUNDY,075,CORN,YIELD,212.9,BU / ACRE
2022,IA,GRUNDY,075,CORN,YIELD,207.5,BU / ACRE
2021,IA,GRUNDY,075,CORN,YIELD,209.4,BU / ACRE
2020,IA,GRUNDY,075,CORN,YIELD,182.7,BU / ACRE
2019,IA,GRUNDY,075,CORN,YIELD,209.8,BU / ACRE
2018,IA,GRUNDY,075,CORN,YIELD,225.2,BU / ACRE
2017,IA,GRUNDY,075,CORN,YIELD,217.3,BU / ACRE
2016,IA,GRUNDY,075,CORN,YIELD,198.5,BU / ACRE
2024,IA,HAMILTON,079,CORN,YIELD,212.3,BU / ACRE
2023,IA,HAMILTON,079,CORN,YIELD,215.5,BU / ACRE
2022,IA,HAMILTON,079,CORN,YIELD,208.6,BU / ACRE
2020,IA,HAMILTON,079,CORN,YIELD,166.2,BU / ACRE
2019,IA,HAMILTON,079,CORN,YIELD,198.2,BU / ACRE
2018,IA,HAMILTON,079,CORN,YIELD,188.9,BU / ACRE
2017,IA,HAMILTON,079,CORN,YIELD,194.6,BU / ACRE
2016,IA,HAMILTON,079,CORN,YIELD,209.0,BU / ACRE
2023,IA,HARDIN,083,CORN,YIELD,213.3,BU / ACRE
2022,IA,HARDIN,083,CORN,YIELD,215.6,BU / ACRE
2021,IA,HARDIN,083,CORN,YIELD,193.2,BU / ACRE
2020,IA,HARDIN,083,CORN,YIELD,155.7,BU / ACRE
2019,IA,HARDIN,083,CORN,YIELD,200.2,BU / ACRE
2018,IA,HARDIN,083,CORN,YIELD,216.6,BU / ACRE
2017,IA,HARDIN,083,CORN,YIELD,213.7,BU / ACRE
2016,IA,HARDIN,083,CORN,YIELD,208.0,BU / ACRE
2023,IA,JASPER,099,CORN,YIELD,218.0,BU / ACRE
2022,IA,JASPER,099,CORN,YIELD,203.6,BU / ACRE
2021,IA,JASPER,099,CORN,YIELD,221.7,BU / ACRE
2019,IA,JASPER,099,CORN,YIELD,209.3,BU / ACRE
2018,IA,JASPER,099,CORN,YIELD,218.6,BU / ACRE
2017,IA,JASPER,099,CORN,YIELD,204.6,BU / ACRE
2016,IA,JASPER,099,CORN,YIELD,214.7,BU / ACRE
2024,IA,MARSHALL,127,CORN,YIELD,222.2,BU / ACRE
2023,IA,MARSHALL,127,CORN,YIELD,216.3,BU / ACRE
2022,IA,MARSHALL,127,CORN,YIELD,214.1,BU / ACRE
2021,IA,MARSHALL,127,CORN,YIELD,211.5,BU / ACRE
2019,IA,MARSHALL,127,CORN,YIELD,221.9,BU / ACRE
2018,IA,MARSHALL,127,CORN,YIELD,226.0,BU / ACRE
2017,IA,MARSHALL,127,CORN,YIELD,222.4,BU / ACRE
2016,IA,MARSHALL,127,CORN,YIELD,211.3,BU / ACRE
2024,IA,POLK,153,CORN,YIELD,218.0,BU / ACRE
2023,IA,POLK,153,CORN,YIELD,206.4,BU / ACRE
2022,IA,POLK,153,CORN,YIELD,188.6,BU / ACRE
2021,IA,POLK,153,CORN,YIELD,217.5,BU / ACRE
2020,IA,POLK,153,CORN,YIELD,150.2,BU / ACRE
2019,IA,POLK,153,CORN,YIELD,196.6,BU / ACRE
2018,IA,POLK,153,CORN,YIELD,186.2,BU / ACRE
2017,IA,POLK,153,CORN,YIELD,200.3,BU / ACRE
2016,IA,POLK,153,CORN,YIELD,199.8,BU / ACRE
2024,IA,POWESHIEK,157,CORN,YIELD,223.0,BU / ACRE
2023,IA,POWESHIEK,157,CORN,YIELD,204.9,BU / ACRE
2022,IA,POWESHIEK,157,CORN,YIELD,193.3,BU / ACRE
2021,IA,POWESHIEK,157,CORN,YIELD,201.0,BU / ACRE
2020,IA,POWESHIEK,157,CORN,YIELD,138.2,BU / ACRE
2019,IA,POWESHIEK,157,CORN,YIELD,200.3,BU / ACRE
2018,IA,POWESHIEK,157,CORN,YIELD,218.7,BU / ACRE
2017,IA,POWESHIEK,157,CORN,YIELD,215.1,BU / ACRE
2016,IA,POWESHIEK,157,CORN,YIELD,213.2,BU / ACRE
2024,IA,STORY,169,CORN,YIELD,215.5,BU / ACRE
2023,IA,STORY,169,CORN,YIELD,211.4,BU / ACRE
2022,IA,STORY,169,CORN,YIELD,207.1,BU / ACRE
2021,IA,STORY,169,CORN,YIELD,201.2,BU / ACRE
2020,IA,STORY,169,CORN,YIELD,148.4,BU / ACRE
2019,IA,STORY,169,CORN,YIELD,189.3,BU / ACRE
2018,IA,STORY,169,CORN,YIELD,192.3,BU / ACRE
2017,IA,STORY,169,CORN,YIELD,200.3,BU / ACRE
2016,IA,STORY,169,CORN,YIELD,211.9,BU / ACRE
2023,IA,TAMA,171,CORN,YIELD,197.4,BU / ACRE
2022,IA,TAMA,171,CORN,YIELD,203.3,BU / ACRE
2021,IA,TAMA,171,CORN,YIELD,213.9,BU / ACRE
2020,IA,TAMA,171,CORN,YIELD,132.7,BU / ACRE
2019,IA,TAMA,171,CORN,YIELD,204.8,BU / ACRE
2018,IA,TAMA,171,CORN,YIELD,224.3,BU / ACRE
2017,IA,TAMA,171,CORN,YIELD,220.6,BU / ACRE
2016,IA,TAMA,171,CORN,YIELD,208.4,BU / ACRE
2024,IA,WEBSTER,187,CORN,YIELD,211.6,BU / ACRE
2023,IA,WEBSTER,187,CORN,YIELD,212.8,BU / ACRE
2022,IA,WEBSTER,187,CORN,YIELD,201.5,BU / ACRE
2021,IA,WEBSTER,187,CORN,YIELD,216.2,BU / ACRE
2020,IA,WEBSTER,187,CORN,YIELD,173.1,BU / ACRE
2019,IA,WEBSTER,187,CORN,YIELD,202.9,BU / ACRE
2018,IA,WEBSTER,187,CORN,YIELD,188.1,BU / ACRE
2017,IA,WEBSTER,187,CORN,YIELD,197.9,BU / ACRE
2016,IA,WEBSTER,187,CORN,YIELD,200.8,BU / ACRE
2024,IA,BENTON,011,CORN,YIELD,238.6,BU / ACRE
2023,IA,BENTON,011,CORN,YIELD,199.7,BU / ACRE
2022,IA,BENTON,011,CORN,YIELD,221.7,BU / ACRE
2021,IA,BENTON,011,CORN,YIELD,211.7,BU / ACRE
2020,IA,BENTON,011,CORN,YIELD,144.8,BU / ACRE
2019,IA,BENTON,011,CORN,YIELD,197.6,BU / ACRE
2018,IA,BENTON,011,CORN,YIELD,214.6,BU / ACRE
2017,IA,BENTON,011,CORN,YIELD,215.3,BU / ACRE
2016,IA,BENTON,011,CORN,YIELD,199.9,BU / ACRE
2024,IA,CEDAR,031,CORN,YIELD,236.2,BU / ACRE
2023,IA,CEDAR,031,CORN,YIELD,205.7,BU / ACRE
2022,IA,CEDAR,031,CORN,YIELD,221.4,BU / ACRE
2021,IA,CEDAR,031,CORN,YIELD,207.1,BU / ACRE
2020,IA,CEDAR,031,CORN,YIELD,153.3,BU / ACRE
2019,IA,CEDAR,031,CORN,YIELD,193.7,BU / ACRE
2018,IA,CEDAR,031,CORN,YIELD,222.3,BU / ACRE
2017,IA,CEDAR,031,CORN,YIELD,222.3,BU / ACRE
2016,IA,CEDAR,031,CORN,YIELD,215.3,BU / ACRE
2024,IA,CLINTON,045,CORN,YIELD,235.9,BU / ACRE
2023,IA,CLINTON,045,CORN,YIELD,198.0,BU / ACRE
2022,IA,CLINTON,045,CORN,YIELD,225.2,BU / ACRE
2021,IA,CLINTON,045,CORN,YIELD,206.5,BU / ACRE
2020,IA,CLINTON,045,CORN,YIELD,178.4,BU / ACRE
2019,IA,CLINTON,045,CORN,YIELD,196.1,BU / ACRE
2018,IA,CLINTON,045,CORN,YIELD,210.9,BU / ACRE
2017,IA,CLINTON,045,CORN,YIELD,213.3,BU / ACRE
2016,IA,CLINTON,045,CORN,YIELD,213.8,BU / ACRE
2024,IA,IOWA,095,CORN,YIELD,219.2,BU / ACRE
2023,IA,IOWA,095,CORN,YIELD,213.5,BU / ACRE
2022,IA,IOWA,095,CORN,YIELD,205.9,BU / ACRE
2020,IA,IOWA,095,CORN,YIELD,151.1,BU / ACRE
2019,IA,IOWA,095,CORN,YIELD,190.6,BU / ACRE
2018,IA,IOWA,095,CORN,YIELD,211.7,BU / ACRE
2017,IA,IOWA,095,CORN,YIELD,216.7,BU / ACRE
2016,IA,IOWA,095,CORN,YIELD,210.6,BU / ACRE
2024,IA,JACKSON,097,CORN,YIELD,227.5,BU / ACRE
2023,IA,JACKSON,097,CORN,YIELD,189.6,BU / ACRE
2022,IA,JACKSON,097,CORN,YIELD,219.2,BU / ACRE
2021,IA,JACKSON,097,CORN,YIELD,191.2,BU / ACRE
2020,IA,JACKSON,097,CORN,YIELD,185.6,BU / ACRE
2019,IA,JACKSON,097,CORN,YIELD,185.5,BU / ACRE
2018,IA,JACKSON,097,CORN,YIELD,202.4,BU / ACRE
2017,IA,JACKSON,097,CORN,YIELD,202.1,BU / ACRE
2016,IA,JACKSON,097,CORN,YIELD,202.1,BU / ACRE
2024,IA,JOHNSON,103,CORN,YIELD,223.1,BU / ACRE
2023,IA,JOHNSON,103,CORN,YIELD,203.1,BU / ACRE
2022,IA,JOHNSON,103,CORN,YIELD,205.2,BU / ACRE
2020,IA,JOHNSON,103,CORN,YIELD,161.8,BU / ACRE
2019,IA,JOHNSON,103,CORN,YIELD,181.3,BU / ACRE
2018,IA,JOHNSON,103,CORN,YIELD,212.3,BU / ACRE
2017,IA,JOHNSON,103,CORN,YIELD,213.1,BU / ACRE
2016,IA,JOHNSON,103,CORN,YIELD,189.0,BU / ACRE
2024,IA,JONES,105,CORN,YIELD,233.3,BU / ACRE
2023,IA,JONES,105,CORN,YIELD,190.7,BU / ACRE
2022,IA,JONES,105,CORN,YIELD,218.2,BU / ACRE
2020,IA,JONES,105,CORN,YIELD,171.6,BU / ACRE
2019,IA,JONES,105,CORN,YIELD,203.0,BU / ACRE
2018,IA,JONES,105,CORN,YIELD,208.9,BU / ACRE
2017,IA,JONES,105,CORN,YIELD,217.0,BU / ACRE
2016,IA,JONES,105,CORN,YIELD,201.3,BU / ACRE
2024,IA,LINN,113,CORN,YIELD,230.1,BU / ACRE
2023,IA,LINN,113,CORN,YIELD,179.5,BU / ACRE
2022,IA,LINN,113,CORN,YIELD,215.0,BU / ACRE
2020,IA,LINN,113,CORN,YIELD,164.9,BU / ACRE
2019,IA,LINN,113,CORN,YIELD,223.7,BU / ACRE
2018,IA,LINN,113,CORN,YIELD,215.4,BU / ACRE
2017,IA,LINN,113,CORN,YIELD,217.4,BU / ACRE
2016,IA,LINN,113,CORN,YIELD,200.3,BU / ACRE
2024,IA,MUSCATINE,139,CORN,YIELD,220.4,BU / ACRE
2023,IA,MUSCATINE,139,CORN,YIELD,211.9,BU / ACRE
2022,IA,MUSCATINE,139,CORN,YIELD,213.1,BU / ACRE
2021,IA,MUSCATINE,139,CORN,YIELD,204.5,BU / ACRE
2020,IA,MUSCATINE,139,CORN,YIELD,172.8,BU / ACRE
2019,IA,MUSCATINE,139,CORN,YIELD,173.2,BU / ACRE
2018,IA,MUSCATINE,139,CORN,YIELD,209.6,BU / ACRE
2017,IA,MUSCATINE,139,CORN,YIELD,206.8,BU / ACRE
2016,IA,MUSCATINE,139,CORN,YIELD,203.0,BU / ACRE
2024,IA,SCOTT,163,CORN,YIELD,234.2,BU / ACRE
2023,IA,SCOTT,163,CORN,YIELD,210.1,BU / ACRE
2022,IA,SCOTT,163,CORN,YIELD,216.2,BU / ACRE
2021,IA,SCOTT,163,CORN,YIELD,206.8,BU / ACRE
2020,IA,SCOTT,163,CORN,YIELD,181.3,BU / ACRE
2019,IA,SCOTT,163,CORN,YIELD,189.4,BU / ACRE
2018,IA,SCOTT,163,CORN,YIELD,214.0,BU / ACRE
2017,IA,SCOTT,163,CORN,YIELD,220.0,BU / ACRE
2016,IA,SCOTT,163,CORN,YIELD,216.0,BU / ACRE
2019,IA,OTHER (COMBINED) COUNTIES,998,CORN,YIELD,189.6,BU / ACRE
2018,IA,OTHER (COMBINED) COUNTIES,998,CORN,YIELD,196.7,BU / ACRE
2024,IA,ADAIR,001,CORN,YIELD,211.2,BU / ACRE
2022,IA,ADAIR,001,CORN,YIELD,164.2,BU / ACRE
2020,IA,ADAIR,001,CORN,YIELD,168.7,BU / ACRE
2019,IA,ADAIR,001,CORN,YIELD,176.5,BU / ACRE
2018,IA,ADAIR,001,CORN,YIELD,149.5,BU / ACRE
2017,IA,ADAIR,001,CORN,YIELD,175.2,BU / ACRE
2016,IA,ADAIR,001,CORN,YIELD,190.3,BU / ACRE
2020,IA,ADAMS,003,CORN,YIELD,173.3,BU / ACRE
2018,IA,ADAMS,003,CORN,YIELD,171.6,BU / ACRE
2017,IA,ADAMS,003,CORN,YIELD,179.9,BU / ACRE
2016,IA,ADAMS,003,CORN,YIELD,187.4,BU / ACRE
2024,IA,CASS,029,CORN,YIELD,217.0,BU / ACRE
2022,IA,CASS,029,CORN,YIELD,179.2,BU / ACRE
2021,IA,CASS,029,CORN,YIELD,212.4,BU / ACRE
2020,IA,CASS,029,CORN,YIELD,177.5,BU / ACRE
2019,IA,CASS,029,CORN,YIELD,200.3,BU / ACRE
2018,IA,CASS,029,CORN,YIELD,169.5,BU / ACRE
2017,IA,CASS,029,CORN,YIELD,197.4,BU / ACRE
2016,IA,CASS,029,CORN,YIELD,195.9,BU / ACRE
2024,IA,FREMONT,071,CORN,YIELD,231.0,BU / ACRE
2023,IA,FREMONT,071,CORN,YIELD,211.0,BU / ACRE
2022,IA,FREMONT,071,CORN,YIELD,191.6,BU / ACRE
2021,IA,FREMONT,071,CORN,YIELD,206.7,BU / ACRE
2020,IA,FREMONT,071,CORN,YIELD,194.8,BU / ACRE
2018,IA,FREMONT,071,CORN,YIELD,195.1,BU / ACRE
2017,IA,FREMONT,071,CORN,YIELD,204.5,BU / ACRE
2016,IA,FREMONT,071,CORN,YIELD,180.8,BU / ACRE
2024,IA,MILLS,129,CORN,YIELD,210.9,BU / ACRE
2023,IA,MILLS,129,CORN,YIELD,204.3,BU / ACRE
2022,IA,MILLS,129,CORN,YIELD,191.1,BU / ACRE
2021,IA,MILLS,129,CORN,YIELD,209.8,BU / ACRE
2020,IA,MILLS,129,CORN,YIELD,182.2,BU / ACRE
2019,IA,MILLS,129,CORN,YIELD,202.9,BU / ACRE
2017,IA,MILLS,129,CORN,YIELD,190.1,BU / ACRE
2016,IA,MILLS,129,CORN,YIELD,188.4,BU / ACRE
2024,IA,MONTGOMERY,137,CORN,YIELD,215.8,BU / ACRE
2023,IA,MONTGOMERY,137,CORN,YIELD,206.2,BU / ACRE
2022,IA,MONTGOMERY,137,CORN,YIELD,187.8,BU / ACRE
2021,IA,MONTGOMERY,137,CORN,YIELD,204.9,BU / ACRE
2020,IA,MONTGOMERY,137,CORN,YIELD,184.6,BU / ACRE
2019,IA,MONTGOMERY,137,CORN,YIELD,204.8,BU / ACRE
2018,IA,MONTGOMERY,137,CORN,YIELD,191.5,BU / ACRE
2017,IA,MONTGOMERY,137,CORN,YIELD,199.1,BU / ACRE
2016,IA,MONTGOMERY,137,CORN,YIELD,185.5,BU / ACRE
2024,IA,PAGE,145,CORN,YIELD,209.1,BU / ACRE
2023,IA,PAGE,145,CORN,YIELD,206.6,BU / ACRE
2022,IA,PAGE,145,CORN,YIELD,174.5,BU / ACRE
2021,IA,PAGE,145,CORN,YIELD,206.9,BU / ACRE
2020,IA,PAGE,145,CORN,YIELD,181.6,BU / ACRE
2019,IA,PAGE,145,CORN,YIELD,191.3,BU / ACRE
2018,IA,PAGE,145,CORN,YIELD,188.1,BU / ACRE
2017,IA,PAGE,145,CORN,YIELD,193.1,BU / ACRE
2016,IA,PAGE,145,CORN,YIELD,185.8,BU / ACRE
2023,IA,POTTAWATTAMIE,155,CORN,YIELD,198.5,BU / ACRE
2022,IA,POTTAWATTAMIE,155,CORN,YIELD,195.0,BU / ACRE
2021,IA,POTTAWATTAMIE,155,CORN,YIELD,216.3,BU / ACRE
2020,IA,POTTAWATTAMIE,155,CORN,YIELD,176.3,BU / ACRE
2019,IA,POTTAWATTAMIE,155,CORN,YIELD,208.0,BU / ACRE
2017,IA,POTTAWATTAMIE,155,CORN,YIELD,195.8,BU / ACRE
2016,IA,POTTAWATTAMIE,155,CORN,YIELD,210.4,BU / ACRE
2024,IA,TAYLOR,173,CORN,YIELD,192.7,BU / ACRE
2023,IA,TAYLOR,173,CORN,YIELD,192.9,BU / ACRE
2022,IA,TAYLOR,173,CORN,YIELD,172.1,BU / ACRE
2021,IA,TAYLOR,173,CORN,YIELD,192.0,BU / ACRE
2020,IA,TAYLOR,173,CORN,YIELD,166.2,BU / ACRE
2019,IA,TAYLOR,173,CORN,YIELD,161.7,BU / ACRE
2018,IA,TAYLOR,173,CORN,YIELD,154.4,BU / ACRE
2017,IA,TAYLOR,173,CORN,YIELD,175.0,BU / ACRE
2016,IA,TAYLOR,173,CORN,YIELD,159.9,BU / ACRE
2019,IA,OTHER (COMBINED) COUNTIES,998,CORN,YIELD,152.3,BU / ACRE
2018,IA,OTHER (COMBINED) COUNTIES,998,CORN,YIELD,142.6,BU / ACRE
2017,IA,OTHER (COMBINED) COUNTIES,998,CORN,YIELD,129.7,BU / ACRE
2023,IA,APPANOOSE,007,CORN,YIELD,172.8,BU / ACRE
2022,IA,APPANOOSE,007,CORN,YIELD,146.1,BU / ACRE
2021,IA,APPANOOSE,007,CORN,YIELD,171.6,BU / ACRE
2020,IA,APPANOOSE,007,CORN,YIELD,143.6,BU / ACRE
2019,IA,APPANOOSE,007,CORN,YIELD,166.8,BU / ACRE
2017,IA,APPANOOSE,007,CORN,YIELD,170.0,BU / ACRE
2016,IA,APPANOOSE,007,CORN,YIELD,186.3,BU / ACRE
2024,IA,CLARKE,039,CORN,YIELD,183.9,BU / ACRE
2020,IA,CLARKE,039,CORN,YIELD,155.2,BU / ACRE
2018,IA,CLARKE,039,CORN,YIELD,161.8,BU / ACRE
2016,IA,CLARKE,039,CORN,YIELD,163.9,BU / ACRE
2024,IA,DECATUR,053,CORN,YIELD,172.2,BU / ACRE
2023,IA,DECATUR,053,CORN,YIELD,205.3,BU / ACRE
2022,IA,DECATUR,053,CORN,YIELD,148.7,BU / ACRE
2020,IA,DECATUR,053,CORN,YIELD,159.3,BU / ACRE
2018,IA,DECATUR,053,CORN,YIELD,172.5,BU / ACRE
2016,IA,DECATUR,053,CORN,YIELD,181.1,BU / ACRE
2023,IA,LUCAS,117,CORN,YIELD,173.9,BU / ACRE
2022,IA,LUCAS,117,CORN,YIELD,139.5,BU / ACRE
2021,IA,LUCAS,117,CORN,YIELD,166.1,BU / ACRE
2020,IA,LUCAS,117,CORN,YIELD,149.2,BU / ACRE
2016,IA,LUCAS,117,CORN,YIELD,174.6,BU / ACRE
2023,IA,MADISON,121,CORN,YIELD,202.0,BU / ACRE
2022,IA,MADISON,121,CORN,YIELD,166.9,BU / ACRE
2021,IA,MADISON,121,CORN,YIELD,195.6,BU / ACRE
2020,IA,MADISON,121,CORN,YIELD,172.0,BU / ACRE
2019,IA,MADISON,121,CORN,YIELD,175.7,BU / ACRE
2018,IA,MADISON,121,CORN,YIELD,167.8,BU / ACRE
2017,IA,MADISON,121,CORN,YIELD,173.1,BU / ACRE
2016,IA,MADISON,121,CORN,YIELD,185.5,BU / ACRE
2024,IA,MARION,125,CORN,YIELD,218.1,BU / ACRE
2023,IA,MARION,125,CORN,YIELD,203.7,BU / ACRE
2022,IA,MARION,125,CORN,YIELD,175.2,BU / ACRE
2021,IA,MARION,125,CORN,YIELD,199.1,BU / ACRE
2019,IA,MARION,125,CORN,YIELD,170.7,BU / ACRE
2018,IA,MARION,125,CORN,YIELD,190.2,BU / ACRE
2017,IA,MARION,125,CORN,YIELD,185.7,BU / ACRE
2016,IA,MARION,125,CORN,YIELD,198.0,BU / ACRE
2024,IA,MONROE,135,CORN,YIELD,191.7,BU / ACRE
2023,IA,MONROE,135,CORN,YIELD,181.1,BU / ACRE
2022,IA,MONROE,135,CORN,YIELD,145.4,BU / ACRE
2021,IA,MONROE,135,CORN,YIELD,166.1,BU / ACRE
2020,IA,MONROE,135,CORN,YIELD,153.8,BU / ACRE
2019,IA,MONROE,135,CORN,YIELD,162.3,BU / ACRE
2018,IA,MONROE,135,CORN,YIELD,167.0,BU / ACRE
2017,IA,MONROE,135,CORN,YIELD,169.9,BU / ACRE
2016,IA,MONROE,135,CORN,YIELD,180.0,BU / ACRE
2022,IA,RINGGOLD,159,CORN,YIELD,151.8,BU / ACRE
2021,IA,RINGGOLD,159,CORN,YIELD,175.8,BU / ACRE
2020,IA,RINGGOLD,159,CORN,YIELD,159.1,BU / ACRE
2018,IA,RINGGOLD,159,CORN,YIELD,153.3,BU / ACRE
2017,IA,RINGGOLD,159,CORN,YIELD,167.8,BU / ACRE
2016,IA,RINGGOLD,159,CORN,YIELD,179.5,BU / ACRE
2023,IA,UNION,175,CORN,YIELD,217.0,BU / ACRE
2022,IA,UNION,175,CORN,YIELD,149.4,BU / ACRE
2021,IA,UNION,175,CORN,YIELD,185.2,BU / ACRE
2020,IA,UNION,175,CORN,YIELD,179.7,BU / ACRE
2019,IA,UNION,175,CORN,YIELD,168.9,BU / ACRE
2018,IA,UNION,175,CORN,YIELD,155.8,BU / ACRE
2017,IA,UNION,175,CORN,YIELD,147.9,BU / ACRE
2016,IA,UNION,175,CORN,YIELD,183.0,BU / ACRE
2023,IA,WARREN,181,CORN,YIELD,199.2,BU / ACRE
2022,IA,WARREN,181,CORN,YIELD,157.8,BU / ACRE
2020,IA,WARREN,181,CORN,YIELD,168.0,BU / ACRE
2018,IA,WARREN,181,CORN,YIELD,163.6,BU / ACRE
2017,IA,WARREN,181,CORN,YIELD,183.2,BU / ACRE
2016,IA,WARREN,181,CORN,YIELD,184.6,BU / ACRE
2024,IA,WAYNE,185,CORN,YIELD,194.8,BU / ACRE
2022,IA,WAYNE,185,CORN,YIELD,170.1,BU / ACRE
2021,IA,WAYNE,185,CORN,YIELD,177.0,BU / ACRE
2020,IA,WAYNE,185,CORN,YIELD,168.8,BU / ACRE
2019,IA,WAYNE,185,CORN,YIELD,151.4,BU / ACRE
2018,IA,WAYNE,185,CORN,YIELD,171.6,BU / ACRE
2016,IA,WAYNE,185,CORN,YIELD,174.5,BU / ACRE
2018,IA,OTHER (COMBINED) COUNTIES,998,CORN,YIELD,176.9,BU / ACRE
2024,IA,DAVIS,051,CORN,YIELD,194.9,BU / ACRE
2023,IA,DAVIS,051,CORN,YIELD,179.8,BU / ACRE
2022,IA,DAVIS,051,CORN,YIELD,154.9,BU / ACRE
2021,IA,DAVIS,051,CORN,YIELD,152.5,BU / ACRE
2020,IA,DAVIS,051,CORN,YIELD,170.0,BU / ACRE
2019,IA,DAVIS,051,CORN,YIELD,160.0,BU / ACRE
2017,IA,DAVIS,051,CORN,YIELD,107.3,BU / ACRE
2016,IA,DAVIS,051,CORN,YIELD,188.7,BU / ACRE
2024,IA,DES MOINES,057,CORN,YIELD,221.8,BU / ACRE
2023,IA,DES MOINES,057,CORN,YIELD,207.9,BU / ACRE
2022,IA,DES MOINES,057,CORN,YIELD,194.8,BU / ACRE
2020,IA,DES MOINES,057,CORN,YIELD,190.2,BU / ACRE
2019,IA,DES MOINES,057,CORN,YIELD,176.9,BU / ACRE
2018,IA,DES MOINES,057,CORN,YIELD,195.4,BU / ACRE
2017,IA,DES MOINES,057,CORN,YIELD,200.1,BU / ACRE
2016,IA,DES MOINES,057,CORN,YIELD,210.0,BU / ACRE
2024,IA,HENRY,087,CORN,YIELD,213.7,BU / ACRE
2023,IA,HENRY,087,CORN,YIELD,195.1,BU / ACRE
2022,IA,HENRY,087,CORN,YIELD,167.7,BU / ACRE
2021,IA,HENRY,087,CORN,YIELD,167.7,BU / ACRE
2020,IA,HENRY,087,CORN,YIELD,172.0,BU / ACRE
2019,IA,HENRY,087,CORN,YIELD,164.5,BU / ACRE
2018,IA,HENRY,087,CORN,YIELD,189.7,BU / ACRE
2017,IA,HENRY,087,CORN,YIELD,196.4,BU / ACRE
2016,IA,HENRY,087,CORN,YIELD,199.0,BU / ACRE
2024,IA,JEFFERSON,101,CORN,YIELD,203.7,BU / ACRE
2023,IA,JEFFERSON,101,CORN,YIELD,195.1,BU / ACRE
2022,IA,JEFFERSON,101,CORN,YIELD,178.0,BU / ACRE
2021,IA,JEFFERSON,101,CORN,YIELD,163.3,BU / ACRE
2020,IA,JEFFERSON,101,CORN,YIELD,167.3,BU / ACRE
2019,IA,JEFFERSON,101,CORN,YIELD,162.7,BU / ACRE
2018,IA,JEFFERSON,101,CORN,YIELD,198.8,BU / ACRE
2017,IA,JEFFERSON,101,CORN,YIELD,165.5,BU / ACRE
2016,IA,JEFFERSON,101,CORN,YIELD,197.0,BU / ACRE
2023,IA,KEOKUK,107,CORN,YIELD,211.6,BU / ACRE
2022,IA,KEOKUK,107,CORN,YIELD,170.4,BU / ACRE
2021,IA,KEOKUK,107,CORN,YIELD,176.5,BU / ACRE
2020,IA,KEOKUK,107,CORN,YIELD,163.5,BU / ACRE
2019,IA,KEOKUK,107,CORN,YIELD,175.4,BU / ACRE
2018,IA,KEOKUK,107,CORN,YIELD,203.7,BU / ACRE
2017,IA,KEOKUK,107,CORN,YIELD,176.4,BU / ACRE
2016,IA,KEOKUK,107,CORN,YIELD,208.6,BU / ACRE
2024,IA,LEE,111,CORN,YIELD,223.3,BU / ACRE
2023,IA,LEE,111,CORN,YIELD,203.7,BU / ACRE
2022,IA,LEE,111,CORN,YIELD,178.2,BU / ACRE
2021,IA,LEE,111,CORN,YIELD,160.4,BU / ACRE
2020,IA,LEE,111,CORN,YIELD,174.3,BU / ACRE
2019,IA,LEE,111,CORN,YIELD,172.5,BU / ACRE
2018,IA,LEE,111,CORN,YIELD,201.3,BU / ACRE
2017,IA,LEE,111,CORN,YIELD,178.0,BU / ACRE
2016,IA,LEE,111,CORN,YIELD,194.6,BU / ACRE
2024,IA,LOUISA,115,CORN,YIELD,214.5,BU / ACRE
2022,IA,LOUISA,115,CORN,YIELD,196.3,BU / ACRE
2021,IA,LOUISA,115,CORN,YIELD,189.5,BU / ACRE
2020,IA,LOUISA,115,CORN,YIELD,181.6,BU / ACRE
2019,IA,LOUISA,115,CORN,YIELD,174.6,BU / ACRE
2018,IA,LOUISA,115,CORN,YIELD,196.5,BU / ACRE
2017,IA,LOUISA,115,CORN,YIELD,216.6,BU / ACRE
2016,IA,LOUISA,115,CORN,YIELD,200.2,BU / ACRE
2024,IA,MAHASKA,123,CORN,YIELD,222.9,BU / ACRE
2023,IA,MAHASKA,123,CORN,YIELD,214.9,BU / ACRE
2022,IA,MAHASKA,123,CORN,YIELD,186.3,BU / ACRE
2021,IA,MAHASKA,123,CORN,YIELD,200.5,BU / ACRE
2020,IA,MAHASKA,123,CORN,YIELD,180.8,BU / ACRE
2019,IA,MAHASKA,123,CORN,YIELD,189.9,BU / ACRE
2018,IA,MAHASKA,123,CORN,YIELD,207.7,BU / ACRE
2017,IA,MAHASKA,123,CORN,YIELD,177.2,BU / ACRE
2016,IA,MAHASKA,123,CORN,YIELD,204.7,BU / ACRE
2023,IA,VAN BUREN,177,CORN,YIELD,189.3,BU / ACRE
2022,IA,VAN BUREN,177,CORN,YIELD,151.9,BU / ACRE
2021,IA,VAN BUREN,177,CORN,YIELD,162.5,BU / ACRE
2020,IA,VAN BUREN,177,CORN,YIELD,153.5,BU / ACRE
2019,IA,VAN BUREN,177,CORN,YIELD,171.0,BU / ACRE
2018,IA,VAN BUREN,177,CORN,YIELD,180.9,BU / ACRE
2017,IA,VAN BUREN,177,CORN,YIELD,128.2,BU / ACRE
2016,IA,VAN BUREN,177,CORN,YIELD,189.0,BU / ACRE
2023,IA,WAPELLO,179,CORN,YIELD,202.9,BU / ACRE
2022,IA,WAPELLO,179,CORN,YIELD,170.8,BU / ACRE
2021,IA,WAPELLO,179,CORN,YIELD,178.0,BU / ACRE
2020,IA,WAPELLO,179,CORN,YIELD,170.6,BU / ACRE
2019,IA,WAPELLO,179,CORN,YIELD,176.5,BU / ACRE
2017,IA,WAPELLO,179,CORN,YIELD,153.0,BU / ACRE
2016,IA,WAPELLO,179,CORN,YIELD,196.9,BU / ACRE
2023,IA,WASHINGTON,183,CORN,YIELD,188.3,BU / ACRE
2022,IA,WASHINGTON,183,CORN,YIELD,185.7,BU / ACRE
2020,IA,WASHINGTON,183,CORN,YIELD,185.4,BU / ACRE
2019,IA,WASHINGTON,183,CORN,YIELD,178.9,BU / ACRE
2018,IA,WASHINGTON,183,CORN,YIELD,214.3,BU / ACRE
2017,IA,WASHINGTON,183,CORN,YIELD,220.4,BU / ACRE
2016,IA,WASHINGTON,183,CORN,YIELD,208.2,BU / ACRE
2024,IA,OTHER COUNTIES,998,CORN,YIELD,205.7,BU / ACRE
2023,IA,OTHER COUNTIES,998,CORN,YIELD,198.9,BU / ACRE
2022,IA,OTHER COUNTIES,998,CORN,YIELD,150.2,BU / ACRE
2021,IA,OTHER COUNTIES,998,CORN,YIELD,203.8,BU / ACRE
2020,IA,OTHER COUNTIES,998,CORN,YIELD,175.4,BU / ACRE
